day,open,high,low,close,volume
2021-10-25 13:50:00,31.300,31.300,31.110,31.140,116100
2021-10-25 13:55:00,31.130,31.220,31.130,31.150,79800
2021-10-25 14:00:00,31.160,31.170,31.110,31.110,68300
2021-10-25 14:05:00,31.110,31.130,31.020,31.130,73200
2021-10-25 14:10:00,31.130,31.150,31.060,31.080,47300
2021-10-25 14:15:00,31.090,31.160,31.060,31.110,47700
2021-10-25 14:20:00,31.120,31.170,31.110,31.110,51200
2021-10-25 14:25:00,31.120,31.130,31.080,31.130,70300
2021-10-25 14:30:00,31.100,31.200,31.100,31.180,72800
2021-10-25 14:35:00,31.180,31.300,31.110,31.230,97100
2021-10-25 14:40:00,31.230,31.400,31.220,31.330,140500
2021-10-25 14:45:00,31.330,31.450,31.300,31.450,116975
2021-10-25 14:50:00,31.450,31.540,31.410,31.520,249900
2021-10-25 14:55:00,31.530,31.570,31.510,31.550,185900
2021-10-25 15:00:00,31.520,31.520,31.440,31.440,104200
2021-10-26 09:35:00,31.430,31.430,30.800,30.860,285600
2021-10-26 09:40:00,30.850,31.190,30.820,31.100,242800
2021-10-26 09:45:00,31.090,31.590,31.000,31.520,279900
2021-10-26 09:50:00,31.500,31.980,31.260,31.800,409300
2021-10-26 09:55:00,31.800,31.850,31.600,31.630,342100
2021-10-26 10:00:00,31.620,31.620,31.330,31.410,175700
2021-10-26 10:05:00,31.470,31.470,31.270,31.270,173000
2021-10-26 10:10:00,31.270,31.390,31.180,31.280,88100
2021-10-26 10:15:00,31.300,31.340,31.100,31.190,85500
2021-10-26 10:20:00,31.190,31.200,31.030,31.040,111100
2021-10-26 10:25:00,31.050,31.090,31.010,31.050,87100
2021-10-26 10:30:00,31.060,31.160,31.000,31.060,96736
2021-10-26 10:35:00,31.020,31.020,30.900,31.000,121754
2021-10-26 10:40:00,31.000,31.010,30.900,30.990,153946
2021-10-26 10:45:00,31.010,31.030,30.910,30.910,110700
2021-10-26 10:50:00,30.920,31.270,30.910,31.040,170200
2021-10-26 10:55:00,31.030,31.300,31.000,31.060,37300
2021-10-26 11:00:00,31.050,31.130,30.930,30.940,71600
2021-10-26 11:05:00,30.950,31.390,30.860,31.170,163694
2021-10-26 11:10:00,31.150,31.300,30.950,30.960,66700
2021-10-26 11:15:00,30.960,31.180,30.900,30.900,52500
2021-10-26 11:20:00,31.060,31.070,30.920,30.950,44100
2021-10-26 11:25:00,31.040,31.050,30.910,30.910,54000
2021-10-26 11:30:00,30.920,30.990,30.860,30.880,88500
2021-10-26 13:05:00,30.880,30.920,30.710,30.730,173700
2021-10-26 13:10:00,30.780,30.810,30.670,30.680,97291
2021-10-26 13:15:00,30.660,30.930,30.650,30.780,175121
2021-10-26 13:20:00,30.750,30.810,30.650,30.690,115400
2021-10-26 13:25:00,30.690,30.740,30.580,30.680,190700
2021-10-26 13:30:00,30.680,30.690,30.590,30.670,100300
2021-10-26 13:35:00,30.630,30.990,30.580,30.990,189400
2021-10-26 13:40:00,30.990,31.180,30.830,31.150,426400
2021-10-26 13:45:00,31.150,31.220,31.020,31.180,129529
2021-10-26 13:50:00,31.180,31.500,31.110,31.440,269879
2021-10-26 13:55:00,31.470,31.710,31.330,31.710,275300
2021-10-26 14:00:00,31.720,31.760,31.500,31.500,148400
2021-10-26 14:05:00,31.640,31.690,31.580,31.650,140400
2021-10-26 14:10:00,31.660,31.690,31.510,31.510,94300
2021-10-26 14:15:00,31.500,31.550,31.370,31.500,110200
2021-10-26 14:20:00,31.500,31.550,31.500,31.510,66400
2021-10-26 14:25:00,31.520,31.560,31.390,31.550,191901
2021-10-26 14:30:00,31.550,31.710,31.530,31.600,88700
2021-10-26 14:35:00,31.600,31.650,31.500,31.600,125853
2021-10-26 14:40:00,31.610,31.630,31.550,31.550,109999
2021-10-26 14:45:00,31.560,31.560,31.440,31.440,139100
2021-10-26 14:50:00,31.440,31.460,31.400,31.450,77724
2021-10-26 14:55:00,31.460,31.520,31.450,31.480,108500
2021-10-26 15:00:00,31.480,31.520,31.480,31.490,77806
2021-10-27 09:35:00,31.120,31.680,31.120,31.460,125600
2021-10-27 09:40:00,31.460,31.560,31.300,31.460,70545
2021-10-27 09:45:00,31.460,31.600,31.430,31.480,78200
2021-10-27 09:50:00,31.540,31.660,31.370,31.600,100000
2021-10-27 09:55:00,31.610,31.740,31.550,31.550,106200
2021-10-27 10:00:00,31.610,31.700,31.410,31.520,94500
2021-10-27 10:05:00,31.520,31.520,31.360,31.400,64600
2021-10-27 10:10:00,31.400,31.460,31.360,31.370,84000
2021-10-27 10:15:00,31.400,31.520,31.380,31.400,64800
2021-10-27 10:20:00,31.420,31.500,31.390,31.470,59300
2021-10-27 10:25:00,31.400,31.480,31.390,31.480,28300
2021-10-27 10:30:00,31.480,31.590,31.450,31.500,68100
2021-10-27 10:35:00,31.510,31.530,31.420,31.500,59700
2021-10-27 10:40:00,31.500,31.500,31.390,31.440,55600
2021-10-27 10:45:00,31.440,31.500,31.440,31.500,37500
2021-10-27 10:50:00,31.500,31.570,31.470,31.510,60100
2021-10-27 10:55:00,31.510,31.620,31.500,31.620,98605
2021-10-27 11:00:00,31.640,31.730,31.540,31.620,72400
2021-10-27 11:05:00,31.600,31.620,31.540,31.590,22100
2021-10-27 11:10:00,31.590,31.600,31.520,31.560,17500
2021-10-27 11:15:00,31.570,31.630,31.530,31.630,93800
2021-10-27 11:20:00,31.600,31.670,31.600,31.630,30100
2021-10-27 11:25:00,31.630,31.640,31.520,31.570,67300
2021-10-27 11:30:00,31.570,31.610,31.560,31.610,41316
2021-10-27 13:05:00,31.610,31.630,31.570,31.620,27182
2021-10-27 13:10:00,31.580,31.650,31.580,31.650,45500
2021-10-27 13:15:00,31.670,31.680,31.640,31.660,17000
2021-10-27 13:20:00,31.660,31.690,31.570,31.580,44000
2021-10-27 13:25:00,31.580,31.640,31.580,31.620,44646
2021-10-27 13:30:00,31.620,31.640,31.520,31.560,83100
2021-10-27 13:35:00,31.570,31.630,31.550,31.620,83800
2021-10-27 13:40:00,31.580,31.630,31.550,31.590,19100
2021-10-27 13:45:00,31.590,31.630,31.570,31.600,33662
2021-10-27 13:50:00,31.600,31.630,31.530,31.570,90400
2021-10-27 13:55:00,31.570,31.630,31.530,31.580,55400
2021-10-27 14:00:00,31.610,31.640,31.570,31.570,39100
2021-10-27 14:05:00,31.570,31.620,31.560,31.560,21608
2021-10-27 14:10:00,31.590,31.600,31.550,31.590,33092
2021-10-27 14:15:00,31.590,31.660,31.590,31.660,110096
2021-10-27 14:20:00,31.660,31.670,31.600,31.600,25800
2021-10-27 14:25:00,31.610,31.650,31.600,31.650,41000
2021-10-27 14:30:00,31.620,31.670,31.600,31.640,41600
2021-10-27 14:35:00,31.640,31.670,31.590,31.600,34200
2021-10-27 14:40:00,31.610,31.660,31.570,31.610,96200
2021-10-27 14:45:00,31.610,31.680,31.610,31.660,69600
2021-10-27 14:50:00,31.660,31.670,31.580,31.590,92900
2021-10-27 14:55:00,31.580,31.660,31.570,31.620,115621
2021-10-27 15:00:00,31.610,31.660,31.610,31.660,125052
2021-10-28 09:35:00,31.330,31.790,31.250,31.300,171000
2021-10-28 09:40:00,31.300,31.640,31.160,31.470,208561
2021-10-28 09:45:00,31.470,31.620,31.450,31.510,50900
2021-10-28 09:50:00,31.510,31.590,31.440,31.550,55100
2021-10-28 09:55:00,31.510,31.580,31.400,31.400,95100
2021-10-28 10:00:00,31.400,31.510,31.380,31.470,28100
2021-10-28 10:05:00,31.440,31.590,31.380,31.590,55400
2021-10-28 10:10:00,31.560,31.710,31.530,31.610,59800
2021-10-28 10:15:00,31.610,31.780,31.550,31.720,77169
2021-10-28 10:20:00,31.720,31.760,31.630,31.630,46300
2021-10-28 10:25:00,31.650,31.660,31.500,31.540,38400
2021-10-28 10:30:00,31.540,31.540,31.410,31.470,27600
2021-10-28 10:35:00,31.490,31.490,31.360,31.410,99100
2021-10-28 10:40:00,31.410,31.530,31.390,31.530,59000
2021-10-28 10:45:00,31.530,31.600,31.440,31.490,30254
2021-10-28 10:50:00,31.490,31.530,31.400,31.410,28000
2021-10-28 10:55:00,31.410,31.500,31.410,31.450,12300
2021-10-28 11:00:00,31.460,31.550,31.460,31.500,14965
2021-10-28 11:05:00,31.550,31.560,31.440,31.470,25700
2021-10-28 11:10:00,31.450,31.540,31.430,31.440,40300
2021-10-28 11:15:00,31.430,31.460,31.400,31.460,71300
2021-10-28 11:20:00,31.400,31.460,31.380,31.380,37584
2021-10-28 11:25:00,31.380,31.560,31.330,31.440,97716
2021-10-28 11:30:00,31.440,31.560,31.440,31.450,37700
2021-10-28 13:05:00,31.540,31.560,31.400,31.400,29400
2021-10-28 13:10:00,31.400,31.500,31.400,31.410,13916
2021-10-28 13:15:00,31.410,31.550,31.400,31.550,32400
2021-10-28 13:20:00,31.550,31.560,31.460,31.480,28600
2021-10-28 13:25:00,31.480,31.480,31.360,31.410,107484
2021-10-28 13:30:00,31.370,31.540,31.370,31.540,31407
2021-10-28 13:35:00,31.540,31.550,31.450,31.520,63400
2021-10-28 13:40:00,31.520,31.580,31.510,31.580,44800
2021-10-28 13:45:00,31.580,31.690,31.570,31.640,110900
2021-10-28 13:50:00,31.640,31.650,31.610,31.620,26000
2021-10-28 13:55:00,31.620,31.640,31.510,31.520,41500
2021-10-28 14:00:00,31.520,31.610,31.480,31.480,22700
2021-10-28 14:05:00,31.480,31.540,31.460,31.500,14300
2021-10-28 14:10:00,31.490,31.510,31.450,31.460,50000
2021-10-28 14:15:00,31.460,31.460,31.400,31.440,37300
2021-10-28 14:20:00,31.440,31.490,31.410,31.480,31100
2021-10-28 14:25:00,31.480,31.490,31.390,31.390,61900
2021-10-28 14:30:00,31.430,31.470,31.390,31.460,37380
2021-10-28 14:35:00,31.420,31.600,31.400,31.440,93700
2021-10-28 14:40:00,31.440,31.500,31.410,31.410,44300
2021-10-28 14:45:00,31.410,31.420,31.260,31.260,106120
2021-10-28 14:50:00,31.250,31.260,31.130,31.200,150300
2021-10-28 14:55:00,31.210,31.310,31.190,31.300,87570
2021-10-28 15:00:00,31.290,31.310,31.190,31.250,87760
2021-10-29 09:35:00,31.250,31.250,30.800,31.040,256707
2021-10-29 09:40:00,31.040,31.180,30.980,31.090,176200
2021-10-29 09:45:00,31.090,31.300,31.010,31.300,96500
2021-10-29 09:50:00,31.300,31.400,31.190,31.260,59300
2021-10-29 09:55:00,31.250,31.500,31.240,31.500,121000
2021-10-29 10:00:00,31.500,31.590,31.310,31.370,116400
2021-10-29 10:05:00,31.460,31.460,31.200,31.350,83100
2021-10-29 10:10:00,31.350,31.500,31.300,31.340,86043
2021-10-29 10:15:00,31.340,31.350,31.230,31.280,67200
2021-10-29 10:20:00,31.280,31.330,31.100,31.210,41900
2021-10-29 10:25:00,31.290,31.320,31.220,31.320,25600
2021-10-29 10:30:00,31.240,31.470,31.220,31.350,36900
2021-10-29 10:35:00,31.400,31.400,31.300,31.340,24400
2021-10-29 10:40:00,31.340,31.580,31.340,31.500,81100
2021-10-29 10:45:00,31.430,31.560,31.410,31.540,18246
2021-10-29 10:50:00,31.420,31.550,31.400,31.400,23100
2021-10-29 10:55:00,31.400,31.400,31.300,31.310,19200
2021-10-29 11:00:00,31.380,31.390,31.250,31.250,13400
2021-10-29 11:05:00,31.270,31.300,31.210,31.300,26200
2021-10-29 11:10:00,31.250,31.310,31.200,31.290,30900
2021-10-29 11:15:00,31.170,31.300,31.160,31.270,26200
2021-10-29 11:20:00,31.270,31.290,31.060,31.170,66200
2021-10-29 11:25:00,31.060,31.170,31.010,31.120,28500
2021-10-29 11:30:00,31.120,31.130,31.030,31.100,39700
2021-10-29 13:05:00,31.090,31.210,31.080,31.110,22600
2021-10-29 13:10:00,31.110,31.220,31.050,31.220,50400
2021-10-29 13:15:00,31.180,31.270,31.130,31.210,20300
2021-10-29 13:20:00,31.260,31.400,31.230,31.240,69500
2021-10-29 13:25:00,31.270,31.400,31.240,31.400,82100
2021-10-29 13:30:00,31.300,31.450,31.300,31.370,53100
2021-10-29 13:35:00,31.370,31.440,31.370,31.400,20900
2021-10-29 13:40:00,31.400,31.400,31.310,31.390,20900
2021-10-29 13:45:00,31.320,31.370,31.310,31.360,13700
2021-10-29 13:50:00,31.360,31.380,31.290,31.330,59300
2021-10-29 13:55:00,31.330,31.400,31.290,31.400,47200
2021-10-29 14:00:00,31.390,31.420,31.330,31.350,46800
2021-10-29 14:05:00,31.360,31.420,31.360,31.410,43500
2021-10-29 14:10:00,31.400,31.450,31.300,31.360,53400
2021-10-29 14:15:00,31.340,31.410,31.300,31.400,32600
2021-10-29 14:20:00,31.360,31.410,31.300,31.390,46000
2021-10-29 14:25:00,31.390,31.440,31.370,31.440,39200
2021-10-29 14:30:00,31.420,31.470,31.410,31.410,26800
2021-10-29 14:35:00,31.450,31.480,31.370,31.370,55466
2021-10-29 14:40:00,31.400,31.420,31.370,31.420,16500
2021-10-29 14:45:00,31.410,31.410,31.330,31.380,17800
2021-10-29 14:50:00,31.380,31.420,31.350,31.420,35529
2021-10-29 14:55:00,31.420,31.490,31.370,31.430,162300
2021-10-29 15:00:00,31.430,31.480,31.420,31.480,59700
2021-11-01 09:35:00,31.300,31.470,30.960,31.330,180300
2021-11-01 09:40:00,31.400,31.780,31.400,31.580,193825
2021-11-01 09:45:00,31.560,31.560,31.410,31.530,28675
2021-11-01 09:50:00,31.530,31.590,31.430,31.500,29100
2021-11-01 09:55:00,31.480,31.690,31.480,31.590,63400
2021-11-01 10:00:00,31.590,31.610,31.430,31.450,33700
2021-11-01 10:05:00,31.440,31.480,31.110,31.120,273800
2021-11-01 10:10:00,31.120,31.310,31.100,31.230,153800
2021-11-01 10:15:00,31.230,31.410,31.210,31.310,24000
2021-11-01 10:20:00,31.400,31.480,31.330,31.370,30600
2021-11-01 10:25:00,31.370,31.470,31.330,31.420,21527
2021-11-01 10:30:00,31.420,31.520,31.410,31.460,53500
2021-11-01 10:35:00,31.470,31.510,31.360,31.430,61000
2021-11-01 10:40:00,31.400,31.500,31.400,31.400,32000
2021-11-01 10:45:00,31.480,31.510,31.360,31.360,23200
2021-11-01 10:50:00,31.370,31.410,31.370,31.370,24400
2021-11-01 10:55:00,31.370,31.370,31.300,31.350,33000
2021-11-01 11:00:00,31.350,31.460,31.350,31.360,52600
2021-11-01 11:05:00,31.360,31.530,31.360,31.530,51284
2021-11-01 11:10:00,31.530,31.560,31.440,31.440,46600
2021-11-01 11:15:00,31.540,31.570,31.440,31.500,29500
2021-11-01 11:20:00,31.530,31.560,31.440,31.440,29500
2021-11-01 11:25:00,31.550,31.550,31.420,31.520,40700
2021-11-01 11:30:00,31.520,31.530,31.440,31.500,13700
2021-11-01 13:05:00,31.450,31.520,31.440,31.520,22300
2021-11-01 13:10:00,31.490,31.520,31.470,31.470,12200
2021-11-01 13:15:00,31.470,31.490,31.400,31.400,31100
2021-11-01 13:20:00,31.410,31.450,31.350,31.350,76200
2021-11-01 13:25:00,31.350,31.410,31.310,31.390,37500
2021-11-01 13:30:00,31.360,31.460,31.350,31.370,33236
2021-11-01 13:35:00,31.450,31.480,31.390,31.410,22443
2021-11-01 13:40:00,31.430,31.500,31.390,31.470,161900
2021-11-01 13:45:00,31.460,31.500,31.400,31.400,16000
2021-11-01 13:50:00,31.410,31.470,31.390,31.410,21100
2021-11-01 13:55:00,31.410,31.420,31.350,31.390,42657
2021-11-01 14:00:00,31.390,31.420,31.380,31.420,11800
2021-11-01 14:05:00,31.410,31.450,31.390,31.430,20500
2021-11-01 14:10:00,31.420,31.460,31.400,31.420,59500
2021-11-01 14:15:00,31.460,31.530,31.410,31.530,94074
2021-11-01 14:20:00,31.520,31.540,31.480,31.510,68914
2021-11-01 14:25:00,31.510,31.530,31.490,31.520,34600
2021-11-01 14:30:00,31.530,31.610,31.510,31.510,151200
2021-11-01 14:35:00,31.530,31.590,31.480,31.530,126000
2021-11-01 14:40:00,31.550,31.620,31.480,31.580,86300
2021-11-01 14:45:00,31.570,31.610,31.530,31.580,36500
2021-11-01 14:50:00,31.570,31.620,31.550,31.590,152400
2021-11-01 14:55:00,31.570,31.630,31.570,31.600,110453
2021-11-01 15:00:00,31.600,31.600,31.490,31.510,85200
2021-11-02 09:35:00,31.590,31.710,31.200,31.560,217836
2021-11-02 09:40:00,31.560,32.020,31.430,32.020,413000
2021-11-02 09:45:00,32.020,32.230,31.890,32.090,414900
2021-11-02 09:50:00,32.080,32.120,31.900,31.920,165200
2021-11-02 09:55:00,31.900,31.970,31.730,31.730,148400
2021-11-02 10:00:00,31.710,31.800,31.600,31.600,102600
2021-11-02 10:05:00,31.620,31.710,31.570,31.600,146790
2021-11-02 10:10:00,31.600,31.690,31.440,31.450,165310
2021-11-02 10:15:00,31.550,31.630,31.490,31.510,111700
2021-11-02 10:20:00,31.490,31.540,31.470,31.500,58800
2021-11-02 10:25:00,31.500,31.750,31.490,31.600,134700
2021-11-02 10:30:00,31.610,31.710,31.480,31.500,166800
2021-11-02 10:35:00,31.500,31.570,31.360,31.420,238500
2021-11-02 10:40:00,31.420,31.570,31.360,31.570,114700
2021-11-02 10:45:00,31.500,31.980,31.500,31.780,270200
2021-11-02 10:50:00,31.780,31.860,31.660,31.790,74300
2021-11-02 10:55:00,31.790,31.810,31.620,31.810,109200
2021-11-02 11:00:00,31.810,31.810,31.600,31.670,66800
2021-11-02 11:05:00,31.700,31.800,31.610,31.690,31300
2021-11-02 11:10:00,31.690,31.760,31.590,31.740,83600
2021-11-02 11:15:00,31.740,31.750,31.510,31.630,119300
2021-11-02 11:20:00,31.700,31.750,31.550,31.700,60300
2021-11-02 11:25:00,31.720,31.720,31.300,31.400,253800
2021-11-02 11:30:00,31.510,31.510,31.400,31.500,11000
2021-11-02 13:05:00,31.510,31.600,31.350,31.390,157300
2021-11-02 13:10:00,31.380,31.450,31.290,31.390,113300
2021-11-02 13:15:00,31.400,31.450,31.290,31.350,82936
2021-11-02 13:20:00,31.330,31.330,31.060,31.060,158064
2021-11-02 13:25:00,31.090,31.120,30.980,31.010,226800
2021-11-02 13:30:00,31.010,31.010,30.690,30.780,116400
2021-11-02 13:35:00,30.780,30.980,30.770,30.820,170838
2021-11-02 13:40:00,30.830,30.940,30.630,30.780,219780
2021-11-02 13:45:00,30.790,30.800,30.760,30.760,65900
2021-11-02 13:50:00,30.780,30.800,30.450,30.450,156248
2021-11-02 13:55:00,30.450,30.660,30.440,30.570,264800
2021-11-02 14:00:00,30.530,30.600,30.330,30.360,161500
2021-11-02 14:05:00,30.360,30.600,30.360,30.360,134420
2021-11-02 14:10:00,30.430,30.560,30.360,30.500,102400
2021-11-02 14:15:00,30.470,30.580,30.470,30.560,41300
2021-11-02 14:20:00,30.560,30.580,30.400,30.570,68567
2021-11-02 14:25:00,30.550,30.780,30.500,30.680,162316
2021-11-02 14:30:00,30.660,30.660,30.530,30.530,50300
2021-11-02 14:35:00,30.520,30.560,30.460,30.540,71338
2021-11-02 14:40:00,30.540,30.700,30.500,30.590,102111
2021-11-02 14:45:00,30.600,30.770,30.590,30.720,53900
2021-11-02 14:50:00,30.730,30.790,30.610,30.620,187200
2021-11-02 14:55:00,30.630,30.800,30.620,30.630,98500
2021-11-02 15:00:00,30.630,30.780,30.590,30.730,61817
2021-11-03 09:35:00,30.660,31.430,30.560,31.130,343936
2021-11-03 09:40:00,31.190,31.400,31.130,31.320,157000
2021-11-03 09:45:00,31.330,31.700,31.330,31.570,359800
2021-11-03 09:50:00,31.580,31.950,31.560,31.950,271200
2021-11-03 09:55:00,31.950,32.190,31.700,32.040,589498
2021-11-03 10:00:00,32.000,32.040,31.600,31.650,129800
2021-11-03 10:05:00,31.650,31.850,31.540,31.760,170100
2021-11-03 10:10:00,31.750,31.750,31.440,31.450,89000
2021-11-03 10:15:00,31.450,31.450,31.340,31.340,43600
2021-11-03 10:20:00,31.340,31.400,31.300,31.340,37000
2021-11-03 10:25:00,31.340,31.470,31.240,31.400,89600
2021-11-03 10:30:00,31.420,31.490,31.360,31.480,38600
2021-11-03 10:35:00,31.470,31.660,31.410,31.550,74800
2021-11-03 10:40:00,31.530,31.540,31.400,31.480,91600
2021-11-03 10:45:00,31.460,31.690,31.450,31.690,67500
2021-11-03 10:50:00,31.690,31.700,31.580,31.600,25800
2021-11-03 10:55:00,31.580,31.750,31.490,31.700,48016
2021-11-03 11:00:00,31.710,31.800,31.650,31.800,41600
2021-11-03 11:05:00,31.790,31.860,31.370,31.500,117700
2021-11-03 11:10:00,31.510,31.550,31.360,31.380,48200
2021-11-03 11:15:00,31.410,31.440,31.300,31.400,24000
2021-11-03 11:20:00,31.330,31.500,31.330,31.440,11600
2021-11-03 11:25:00,31.390,31.480,31.370,31.460,8834
2021-11-03 11:30:00,31.460,31.540,31.460,31.460,11666
2021-11-03 13:05:00,31.490,31.700,31.410,31.520,65200
2021-11-03 13:10:00,31.500,31.530,31.410,31.500,24300
2021-11-03 13:15:00,31.500,31.560,31.400,31.410,76700
2021-11-03 13:20:00,31.410,31.410,31.310,31.310,40700
2021-11-03 13:25:00,31.330,31.330,31.100,31.200,69700
2021-11-03 13:30:00,31.200,31.200,31.110,31.110,32000
2021-11-03 13:35:00,31.090,31.150,31.080,31.100,51400
2021-11-03 13:40:00,31.150,31.150,30.940,30.970,243400
2021-11-03 13:45:00,30.950,31.180,30.900,31.080,165700
2021-11-03 13:50:00,31.070,31.090,30.950,31.080,15500
2021-11-03 13:55:00,31.080,31.210,31.020,31.210,38100
2021-11-03 14:00:00,31.200,31.280,31.130,31.200,38491
2021-11-03 14:05:00,31.200,31.270,31.200,31.260,18800
2021-11-03 14:10:00,31.260,31.400,31.220,31.390,35800
2021-11-03 14:15:00,31.300,31.390,31.300,31.330,9500
2021-11-03 14:20:00,31.330,31.350,31.300,31.310,14100
2021-11-03 14:25:00,31.310,31.380,31.280,31.320,26200
2021-11-03 14:30:00,31.320,31.340,31.290,31.340,13700
2021-11-03 14:35:00,31.330,31.370,31.250,31.270,19100
2021-11-03 14:40:00,31.300,31.370,31.300,31.360,40700
2021-11-03 14:45:00,31.370,31.430,31.360,31.420,45300
2021-11-03 14:50:00,31.430,31.430,31.380,31.410,54184
2021-11-03 14:55:00,31.420,31.450,31.230,31.290,97716
2021-11-03 15:00:00,31.280,31.300,31.230,31.290,43724
2021-11-04 09:35:00,31.440,31.570,31.130,31.500,86316
2021-11-04 09:40:00,31.500,31.570,31.380,31.480,108200
2021-11-04 09:45:00,31.540,31.740,31.500,31.600,137700
2021-11-04 09:50:00,31.600,31.970,31.570,31.960,281168
2021-11-04 09:55:00,31.970,32.230,31.880,32.230,865096
2021-11-04 10:00:00,32.210,32.500,32.210,32.440,379000
2021-11-04 10:05:00,32.430,32.630,32.280,32.500,538282
2021-11-04 10:10:00,32.500,32.590,32.400,32.500,157400
2021-11-04 10:15:00,32.500,32.850,32.500,32.840,598800
2021-11-04 10:20:00,32.790,32.900,32.590,32.670,186200
2021-11-04 10:25:00,32.670,32.780,32.590,32.780,143200
2021-11-04 10:30:00,32.740,33.200,32.740,32.880,664100
2021-11-04 10:35:00,32.880,33.210,32.880,33.000,647900
2021-11-04 10:40:00,33.000,33.180,32.800,32.860,101200
2021-11-04 10:45:00,32.880,33.090,32.860,32.970,151900
2021-11-04 10:50:00,32.970,32.970,32.820,32.840,165200
2021-11-04 10:55:00,32.850,32.860,32.710,32.780,187600
2021-11-04 11:00:00,32.770,32.880,32.710,32.760,46400
2021-11-04 11:05:00,32.750,32.830,32.730,32.770,46800
2021-11-04 11:10:00,32.800,32.920,32.740,32.890,113959
2021-11-04 11:15:00,32.890,32.890,32.830,32.870,22300
2021-11-04 11:20:00,32.850,32.920,32.840,32.860,64200
2021-11-04 11:25:00,32.900,33.100,32.860,33.100,195600
2021-11-04 11:30:00,33.090,33.100,33.030,33.030,117300
2021-11-04 13:05:00,33.030,33.280,33.030,33.260,244137
2021-11-04 13:10:00,33.260,33.280,33.200,33.230,59459
2021-11-04 13:15:00,33.220,33.220,33.040,33.120,85400
2021-11-04 13:20:00,33.100,33.150,33.070,33.130,67300
2021-11-04 13:25:00,33.130,33.140,33.080,33.100,26500
2021-11-04 13:30:00,33.090,33.250,33.090,33.250,255230
2021-11-04 13:35:00,33.240,33.240,33.200,33.210,30300
2021-11-04 13:40:00,33.220,33.280,33.200,33.280,112471
2021-11-04 13:45:00,33.280,33.360,33.270,33.360,248200
2021-11-04 13:50:00,33.370,33.700,33.360,33.380,622800
2021-11-04 13:55:00,33.370,33.390,33.100,33.130,176300
2021-11-04 14:00:00,33.170,33.330,33.080,33.330,202911
2021-11-04 14:05:00,33.330,33.400,33.260,33.280,48300
2021-11-04 14:10:00,33.280,33.460,33.260,33.360,67400
2021-11-04 14:15:00,33.330,33.360,33.230,33.310,105400
2021-11-04 14:20:00,33.310,33.400,33.300,33.390,86800
2021-11-04 14:25:00,33.390,33.500,33.310,33.400,198700
2021-11-04 14:30:00,33.410,33.540,33.400,33.520,160000
2021-11-04 14:35:00,33.530,33.560,33.400,33.400,86800
2021-11-04 14:40:00,33.410,33.410,33.230,33.280,96900
2021-11-04 14:45:00,33.290,33.500,33.280,33.370,127077
2021-11-04 14:50:00,33.370,33.480,33.370,33.410,82264
2021-11-04 14:55:00,33.410,33.430,33.250,33.340,124700
2021-11-04 15:00:00,33.340,33.360,33.250,33.280,75200
2021-11-05 09:35:00,33.150,33.600,32.980,33.480,447790
2021-11-05 09:40:00,33.460,33.870,33.260,33.870,254000
2021-11-05 09:45:00,33.820,34.250,33.730,34.170,1072000
2021-11-05 09:50:00,34.030,34.320,33.650,33.680,616500
2021-11-05 09:55:00,33.630,33.800,33.490,33.740,318034
2021-11-05 10:00:00,33.740,34.000,33.620,33.620,245300
2021-11-05 10:05:00,33.630,33.690,33.240,33.270,182100
2021-11-05 10:10:00,33.280,33.450,33.270,33.400,81400
2021-11-05 10:15:00,33.450,33.490,33.350,33.460,48377
2021-11-05 10:20:00,33.480,33.600,33.420,33.470,43000
2021-11-05 10:25:00,33.490,33.580,33.390,33.400,51900
2021-11-05 10:30:00,33.400,33.400,33.080,33.180,154000
2021-11-05 10:35:00,33.180,33.210,33.010,33.010,124900
2021-11-05 10:40:00,33.020,33.020,32.800,32.870,218300
2021-11-05 10:45:00,32.820,32.870,32.620,32.640,319100
2021-11-05 10:50:00,32.640,32.670,32.610,32.640,98200
2021-11-05 10:55:00,32.640,32.720,32.590,32.700,115200
2021-11-05 11:00:00,32.710,32.770,32.510,32.510,120600
2021-11-05 11:05:00,32.510,32.660,32.500,32.640,54700
2021-11-05 11:10:00,32.640,32.680,32.590,32.590,20900
2021-11-05 11:15:00,32.640,32.740,32.640,32.670,35700
2021-11-05 11:20:00,32.670,32.730,32.600,32.620,26400
2021-11-05 11:25:00,32.630,32.640,32.550,32.560,72500
2021-11-05 11:30:00,32.550,32.800,32.550,32.750,31400
2021-11-05 13:05:00,32.740,32.810,32.650,32.700,25300
2021-11-05 13:10:00,32.690,32.700,32.540,32.570,56000
2021-11-05 13:15:00,32.570,32.580,32.520,32.550,17000
2021-11-05 13:20:00,32.550,32.550,32.330,32.400,127500
2021-11-05 13:25:00,32.360,32.400,32.100,32.230,292900
2021-11-05 13:30:00,32.230,32.460,32.230,32.460,66100
2021-11-05 13:35:00,32.410,32.480,32.310,32.480,42500
2021-11-05 13:40:00,32.500,32.590,32.480,32.560,35100
2021-11-05 13:45:00,32.520,32.660,32.490,32.570,39800
2021-11-05 13:50:00,32.570,32.680,32.530,32.640,23600
2021-11-05 13:55:00,32.610,32.770,32.570,32.670,57500
2021-11-05 14:00:00,32.670,32.810,32.590,32.730,56900
2021-11-05 14:05:00,32.760,32.970,32.710,32.850,73500
2021-11-05 14:10:00,32.850,32.930,32.850,32.850,31600
2021-11-05 14:15:00,32.920,32.930,32.800,32.920,32700
2021-11-05 14:20:00,32.920,32.980,32.860,32.960,31400
2021-11-05 14:25:00,32.910,32.960,32.520,32.520,115200
2021-11-05 14:30:00,32.600,32.750,32.500,32.700,109600
2021-11-05 14:35:00,32.700,32.710,32.590,32.660,59900
2021-11-05 14:40:00,32.650,32.870,32.610,32.780,82200
2021-11-05 14:45:00,32.780,32.870,32.690,32.690,157600
2021-11-05 14:50:00,32.690,32.780,32.580,32.590,102400
2021-11-05 14:55:00,32.600,32.690,32.580,32.580,49700
2021-11-05 15:00:00,32.580,32.680,32.580,32.660,30200
2021-11-08 09:35:00,32.700,32.930,31.900,32.380,229700
2021-11-08 09:40:00,32.390,32.800,32.140,32.250,118200
2021-11-08 09:45:00,32.200,32.220,31.800,31.980,298800
2021-11-08 09:50:00,31.970,32.030,31.550,31.600,343100
2021-11-08 09:55:00,31.600,31.680,31.400,31.410,249300
2021-11-08 10:00:00,31.400,31.630,31.330,31.560,345300
2021-11-08 10:05:00,31.550,31.550,31.050,31.140,358700
2021-11-08 10:10:00,31.120,31.140,30.700,30.790,599071
2021-11-08 10:15:00,30.850,31.230,30.820,31.110,144900
2021-11-08 10:20:00,31.140,31.260,30.980,31.100,91600
2021-11-08 10:25:00,31.100,31.280,31.020,31.260,99200
2021-11-08 10:30:00,31.200,31.430,31.200,31.320,118000
2021-11-08 10:35:00,31.360,31.360,31.080,31.120,80500
2021-11-08 10:40:00,31.110,31.390,31.050,31.220,58700
2021-11-08 10:45:00,31.270,31.380,31.200,31.340,37100
2021-11-08 10:50:00,31.300,31.410,31.290,31.320,27400
2021-11-08 10:55:00,31.320,31.400,31.140,31.220,41600
2021-11-08 11:00:00,31.320,31.520,31.170,31.330,158600
2021-11-08 11:05:00,31.310,31.390,31.260,31.370,33300
2021-11-08 11:10:00,31.320,31.390,31.270,31.380,33900
2021-11-08 11:15:00,31.380,31.480,31.190,31.200,83700
2021-11-08 11:20:00,31.270,31.300,31.160,31.190,16600
2021-11-08 11:25:00,31.190,31.310,31.190,31.250,16600
2021-11-08 11:30:00,31.260,31.380,31.260,31.380,16900
2021-11-08 13:05:00,31.320,31.360,31.130,31.130,34400
2021-11-08 13:10:00,31.130,31.130,31.010,31.070,78500
2021-11-08 13:15:00,31.050,31.110,30.950,30.950,107100
2021-11-08 13:20:00,30.960,31.390,30.960,31.380,218900
2021-11-08 13:25:00,31.380,31.660,31.300,31.580,355700
2021-11-08 13:30:00,31.580,31.820,31.510,31.730,217500
2021-11-08 13:35:00,31.770,31.930,31.740,31.930,87400
2021-11-08 13:40:00,31.900,31.940,31.740,31.830,116400
2021-11-08 13:45:00,31.830,32.070,31.790,32.040,103400
2021-11-08 13:50:00,32.040,32.140,32.000,32.100,109100
2021-11-08 13:55:00,32.090,32.150,32.020,32.060,54900
2021-11-08 14:00:00,32.050,32.120,31.930,31.950,75900
2021-11-08 14:05:00,31.930,32.000,31.930,31.970,62100
2021-11-08 14:10:00,31.970,32.230,31.900,32.060,143200
2021-11-08 14:15:00,32.100,32.500,32.100,32.470,154000
2021-11-08 14:20:00,32.430,32.480,32.150,32.150,94600
2021-11-08 14:25:00,32.150,32.150,31.960,32.130,78000
2021-11-08 14:30:00,32.010,32.150,31.990,32.060,28300
2021-11-08 14:35:00,32.060,32.060,31.990,32.000,32300
2021-11-08 14:40:00,32.010,32.060,32.000,32.020,22497
2021-11-08 14:45:00,32.030,32.050,31.980,32.010,125800
2021-11-08 14:50:00,32.000,32.010,31.840,31.880,122404
2021-11-08 14:55:00,31.890,31.900,31.760,31.900,104151
2021-11-08 15:00:00,31.900,31.960,31.770,31.960,87800
2021-11-09 09:35:00,31.960,32.280,31.670,31.970,188000
2021-11-09 09:40:00,32.000,32.040,31.940,32.000,49000
2021-11-09 09:45:00,31.980,32.180,31.530,31.770,160000
2021-11-09 09:50:00,31.770,31.870,31.730,31.740,46100
2021-11-09 09:55:00,31.730,31.770,31.570,31.660,84100
2021-11-09 10:00:00,31.680,31.680,31.220,31.390,142800
2021-11-09 10:05:00,31.390,31.670,31.350,31.660,72100
2021-11-09 10:10:00,31.640,31.770,31.570,31.650,66400
2021-11-09 10:15:00,31.660,31.660,31.480,31.480,124900
2021-11-09 10:20:00,31.480,31.560,31.390,31.560,152200
2021-11-09 10:25:00,31.560,31.750,31.400,31.470,63700
2021-11-09 10:30:00,31.520,31.670,31.450,31.570,72200
2021-11-09 10:35:00,31.650,31.650,31.450,31.450,45800
2021-11-09 10:40:00,31.450,31.520,31.440,31.440,43700
2021-11-09 10:45:00,31.450,31.560,31.430,31.450,61900
2021-11-09 10:50:00,31.450,31.560,31.350,31.400,80600
2021-11-09 10:55:00,31.400,31.540,31.310,31.360,110900
2021-11-09 11:00:00,31.340,31.750,31.340,31.710,186300
2021-11-09 11:05:00,31.700,31.720,31.610,31.620,28400
2021-11-09 11:10:00,31.620,31.640,31.540,31.580,19200
2021-11-09 11:15:00,31.600,31.610,31.540,31.540,24300
2021-11-09 11:20:00,31.530,31.640,31.480,31.530,26400
2021-11-09 11:25:00,31.550,31.620,31.490,31.550,24000
2021-11-09 11:30:00,31.540,31.740,31.470,31.740,58111
2021-11-09 13:05:00,31.740,32.090,31.640,31.930,247879
2021-11-09 13:10:00,31.910,32.010,31.910,31.940,37760
2021-11-09 13:15:00,31.940,31.950,31.890,31.950,13800
2021-11-09 13:20:00,31.930,32.100,31.930,32.030,70200
2021-11-09 13:25:00,32.030,32.110,32.010,32.030,49100
2021-11-09 13:30:00,32.030,32.200,32.030,32.100,73700
2021-11-09 13:35:00,32.100,32.220,32.050,32.190,66800
2021-11-09 13:40:00,32.180,32.190,32.080,32.090,12100
2021-11-09 13:45:00,32.070,32.130,31.940,32.130,74600
2021-11-09 13:50:00,32.110,32.160,32.090,32.100,22500
2021-11-09 13:55:00,32.110,32.210,32.100,32.200,59600
2021-11-09 14:00:00,32.180,32.220,32.180,32.210,19800
2021-11-09 14:05:00,32.210,32.430,32.200,32.400,254452
2021-11-09 14:10:00,32.400,32.430,32.280,32.310,70148
2021-11-09 14:15:00,32.310,32.390,32.200,32.200,71700
2021-11-09 14:20:00,32.210,32.280,32.210,32.210,32641
2021-11-09 14:25:00,32.220,32.280,32.190,32.190,41284
2021-11-09 14:30:00,32.190,32.200,32.100,32.110,43275
2021-11-09 14:35:00,32.120,32.180,32.110,32.160,31125
2021-11-09 14:40:00,32.140,32.230,32.120,32.180,33759
2021-11-09 14:45:00,32.160,32.220,32.150,32.210,44400
2021-11-09 14:50:00,32.210,32.220,32.160,32.200,76300
2021-11-09 14:55:00,32.190,32.190,32.020,32.090,122192
2021-11-09 15:00:00,32.100,32.100,32.010,32.020,73004
2021-11-10 09:35:00,31.980,32.420,31.810,32.350,106670
2021-11-10 09:40:00,32.420,32.680,32.410,32.600,150300
2021-11-10 09:45:00,32.560,32.560,32.280,32.340,124000
2021-11-10 09:50:00,32.330,32.500,32.230,32.460,90938
2021-11-10 09:55:00,32.460,32.570,32.300,32.440,166100
2021-11-10 10:00:00,32.440,32.480,32.310,32.430,75900
2021-11-10 10:05:00,32.430,32.480,32.310,32.370,243400
2021-11-10 10:10:00,32.330,32.330,32.280,32.330,55494
2021-11-10 10:15:00,32.320,32.330,32.190,32.200,82100
2021-11-10 10:20:00,32.200,32.250,32.120,32.180,62000
2021-11-10 10:25:00,32.180,32.300,32.130,32.230,49200
2021-11-10 10:30:00,32.230,32.230,32.060,32.100,102700
2021-11-10 10:35:00,32.110,32.110,32.000,32.060,44900
2021-11-10 10:40:00,32.030,32.060,31.860,31.970,200000
2021-11-10 10:45:00,32.000,32.120,31.970,32.030,17600
2021-11-10 10:50:00,32.050,32.120,32.020,32.050,16600
2021-11-10 10:55:00,32.000,32.010,31.910,31.920,17100
2021-11-10 11:00:00,31.920,32.000,31.900,32.000,11200
2021-11-10 11:05:00,32.000,32.000,31.850,31.860,21700
2021-11-10 11:10:00,31.880,32.030,31.850,31.990,13600
2021-11-10 11:15:00,31.990,32.030,31.910,31.940,33200
2021-11-10 11:20:00,31.940,31.990,31.940,31.980,10100
2021-11-10 11:25:00,31.950,32.030,31.940,31.990,16400
2021-11-10 11:30:00,31.960,32.020,31.950,31.960,9500
2021-11-10 13:05:00,31.960,31.970,31.840,31.840,33700
2021-11-10 13:10:00,31.840,31.980,31.840,31.980,102400
2021-11-10 13:15:00,31.980,32.140,31.980,32.120,57300
2021-11-10 13:20:00,32.080,32.260,32.070,32.140,55400
2021-11-10 13:25:00,32.140,32.320,32.100,32.280,63300
2021-11-10 13:30:00,32.220,32.350,32.190,32.340,18000
2021-11-10 13:35:00,32.320,32.350,32.220,32.220,41000
2021-11-10 13:40:00,32.270,32.340,32.230,32.300,26600
2021-11-10 13:45:00,32.300,32.330,32.230,32.230,33600
2021-11-10 13:50:00,32.230,32.230,32.100,32.100,48800
2021-11-10 13:55:00,32.080,32.200,32.080,32.110,38800
2021-11-10 14:00:00,32.130,32.160,32.100,32.140,22200
2021-11-10 14:05:00,32.110,32.200,32.030,32.110,73500
2021-11-10 14:10:00,32.180,32.200,32.110,32.150,13000
2021-11-10 14:15:00,32.150,32.200,32.110,32.120,9700
2021-11-10 14:20:00,32.120,32.210,32.100,32.130,29500
2021-11-10 14:25:00,32.140,32.200,32.070,32.150,19100
2021-11-10 14:30:00,32.180,32.190,32.150,32.190,13000
2021-11-10 14:35:00,32.190,32.300,32.150,32.300,88800
2021-11-10 14:40:00,32.280,32.300,32.220,32.280,27900
2021-11-10 14:45:00,32.300,32.360,32.270,32.360,54500
2021-11-10 14:50:00,32.360,32.370,32.260,32.320,45100
2021-11-10 14:55:00,32.310,32.310,32.230,32.290,74518
2021-11-10 15:00:00,32.290,32.400,32.250,32.270,109782
2021-11-11 09:35:00,32.220,32.400,32.010,32.300,63931
2021-11-11 09:40:00,32.320,32.420,32.180,32.210,57200
2021-11-11 09:45:00,32.220,32.500,32.180,32.380,105000
2021-11-11 09:50:00,32.380,32.480,32.250,32.310,31200
2021-11-11 09:55:00,32.330,32.340,32.100,32.100,96900
2021-11-11 10:00:00,32.100,32.340,32.080,32.090,79100
2021-11-11 10:05:00,32.100,32.160,32.070,32.090,86100
2021-11-11 10:10:00,32.090,32.090,32.000,32.030,100400
2021-11-11 10:15:00,32.030,32.290,32.020,32.040,53200
2021-11-11 10:20:00,32.030,32.140,32.000,32.000,75000
2021-11-11 10:25:00,32.010,32.010,31.910,31.910,89800
2021-11-11 10:30:00,31.900,32.000,31.880,31.880,76200
2021-11-11 10:35:00,31.880,31.990,31.870,31.870,50600
2021-11-11 10:40:00,31.880,31.880,31.720,31.780,86400
2021-11-11 10:45:00,31.790,31.870,31.780,31.800,44320
2021-11-11 10:50:00,31.800,31.870,31.650,31.650,125780
2021-11-11 10:55:00,31.650,31.930,31.500,31.750,88800
2021-11-11 11:00:00,31.750,31.890,31.600,31.810,85600
2021-11-11 11:05:00,31.810,31.940,31.790,31.920,51600
2021-11-11 11:10:00,31.920,31.920,31.820,31.830,44900
2021-11-11 11:15:00,31.830,31.930,31.810,31.820,46000
2021-11-11 11:20:00,31.820,31.830,31.610,31.650,84600
2021-11-11 11:25:00,31.660,31.870,31.650,31.770,45100
2021-11-11 11:30:00,31.770,31.830,31.700,31.830,14000
2021-11-11 13:05:00,31.830,31.940,31.750,31.880,40900
2021-11-11 13:10:00,31.880,31.960,31.820,31.900,32000
2021-11-11 13:15:00,31.890,31.950,31.760,31.890,13000
2021-11-11 13:20:00,31.820,31.880,31.770,31.800,20400
2021-11-11 13:25:00,31.880,31.900,31.770,31.900,32700
2021-11-11 13:30:00,31.890,31.900,31.780,31.800,46200
2021-11-11 13:35:00,31.870,31.900,31.790,31.800,41400
2021-11-11 13:40:00,31.810,31.900,31.760,31.760,38300
2021-11-11 13:45:00,31.850,31.880,31.760,31.800,8800
2021-11-11 13:50:00,31.870,31.900,31.800,31.870,23200
2021-11-11 13:55:00,31.870,31.900,31.860,31.890,7100
2021-11-11 14:00:00,31.890,31.900,31.860,31.890,14200
2021-11-11 14:05:00,31.890,31.900,31.830,31.850,36800
2021-11-11 14:10:00,31.850,31.900,31.830,31.870,55800
2021-11-11 14:15:00,31.910,31.920,31.750,31.790,78300
2021-11-11 14:20:00,31.790,31.800,31.650,31.680,90900
2021-11-11 14:25:00,31.670,31.820,31.670,31.820,72700
2021-11-11 14:30:00,31.820,31.940,31.750,31.860,46200
2021-11-11 14:35:00,31.860,31.960,31.810,31.950,36900
2021-11-11 14:40:00,31.940,31.990,31.900,31.920,33100
2021-11-11 14:45:00,31.920,31.930,31.800,31.800,37800
2021-11-11 14:50:00,31.800,31.820,31.750,31.800,44600
2021-11-11 14:55:00,31.800,31.850,31.760,31.850,52400
2021-11-11 15:00:00,31.850,31.880,31.810,31.880,38738
2021-11-12 09:35:00,31.000,31.510,30.600,31.280,1180356
2021-11-12 09:40:00,31.280,31.580,31.130,31.140,334400
2021-11-12 09:45:00,31.150,31.200,30.720,30.760,524420
2021-11-12 09:50:00,30.740,31.060,30.720,30.960,514883
2021-11-12 09:55:00,30.960,31.060,30.740,30.800,348500
2021-11-12 10:00:00,30.800,30.830,30.620,30.670,627113
2021-11-12 10:05:00,30.710,30.880,30.660,30.750,546900
2021-11-12 10:10:00,30.750,30.750,30.500,30.530,574987
2021-11-12 10:15:00,30.530,30.540,30.250,30.330,547577
2021-11-12 10:20:00,30.330,30.790,30.200,30.680,708816
2021-11-12 10:25:00,30.600,30.700,30.500,30.520,534100
2021-11-12 10:30:00,30.510,30.700,30.480,30.700,544500
2021-11-12 10:35:00,30.660,31.000,30.660,30.870,200436
2021-11-12 10:40:00,30.890,31.290,30.880,31.180,213300
2021-11-12 10:45:00,31.180,31.280,31.070,31.070,112900
2021-11-12 10:50:00,31.060,31.190,31.000,31.120,116400
2021-11-12 10:55:00,31.160,31.160,31.080,31.080,48200
2021-11-12 11:00:00,31.070,31.280,31.070,31.270,61700
2021-11-12 11:05:00,31.260,31.290,31.120,31.290,103100
2021-11-12 11:10:00,31.290,31.420,31.260,31.280,190459
2021-11-12 11:15:00,31.320,31.410,31.230,31.410,99700
2021-11-12 11:20:00,31.410,31.560,31.380,31.520,87500
2021-11-12 11:25:00,31.530,31.630,31.450,31.620,216900
2021-11-12 11:30:00,31.620,31.620,31.380,31.380,82600
2021-11-12 13:05:00,31.430,31.540,31.380,31.400,103800
2021-11-12 13:10:00,31.390,31.400,31.270,31.360,129200
2021-11-12 13:15:00,31.360,31.360,31.180,31.200,130000
2021-11-12 13:20:00,31.180,31.180,31.090,31.170,112400
2021-11-12 13:25:00,31.150,31.170,30.970,31.090,170906
2021-11-12 13:30:00,31.090,31.110,30.980,31.050,74300
2021-11-12 13:35:00,31.020,31.250,31.020,31.170,60833
2021-11-12 13:40:00,31.190,31.400,31.190,31.320,68400
2021-11-12 13:45:00,31.310,31.320,31.210,31.210,40100
2021-11-12 13:50:00,31.200,31.280,31.170,31.220,65100
2021-11-12 13:55:00,31.220,31.600,31.160,31.500,283900
2021-11-12 14:00:00,31.500,31.560,31.410,31.460,59900
2021-11-12 14:05:00,31.460,31.600,31.450,31.500,104000
2021-11-12 14:10:00,31.500,31.520,31.340,31.340,64400
2021-11-12 14:15:00,31.360,31.470,31.360,31.450,47300
2021-11-12 14:20:00,31.460,31.650,31.460,31.520,119800
2021-11-12 14:25:00,31.520,31.540,31.360,31.400,35400
2021-11-12 14:30:00,31.400,31.450,31.360,31.360,38100
2021-11-12 14:35:00,31.350,31.390,31.300,31.330,64800
2021-11-12 14:40:00,31.350,31.350,31.220,31.270,109200
2021-11-12 14:45:00,31.270,31.370,31.180,31.240,94800
2021-11-12 14:50:00,31.240,31.360,31.200,31.240,30174
2021-11-12 14:55:00,31.230,31.240,31.170,31.200,149300
2021-11-12 15:00:00,31.200,31.300,31.160,31.300,118232
2021-11-15 09:35:00,31.460,31.800,31.330,31.800,461600
2021-11-15 09:40:00,31.780,31.890,31.590,31.740,376100
2021-11-15 09:45:00,31.750,32.240,31.720,32.150,515952
2021-11-15 09:50:00,32.160,32.900,32.030,32.810,570000
2021-11-15 09:55:00,32.740,33.000,32.450,32.830,485200
2021-11-15 10:00:00,32.800,32.930,32.600,32.650,260200
2021-11-15 10:05:00,32.650,32.810,32.410,32.440,228700
2021-11-15 10:10:00,32.450,32.560,32.400,32.540,147000
2021-11-15 10:15:00,32.540,32.540,32.300,32.360,109500
2021-11-15 10:20:00,32.350,32.360,32.190,32.200,107600
2021-11-15 10:25:00,32.240,32.260,32.040,32.050,88900
2021-11-15 10:30:00,32.050,32.200,32.040,32.080,87175
2021-11-15 10:35:00,32.130,32.170,32.050,32.100,213363
2021-11-15 10:40:00,32.100,32.130,32.060,32.070,39300
2021-11-15 10:45:00,32.070,32.180,32.050,32.140,54400
2021-11-15 10:50:00,32.180,32.180,32.110,32.110,38800
2021-11-15 10:55:00,32.120,32.120,32.060,32.090,34000
2021-11-15 11:00:00,32.070,32.100,32.050,32.050,54800
2021-11-15 11:05:00,32.050,32.080,31.850,31.850,350467
2021-11-15 11:10:00,31.860,31.860,31.720,31.770,68300
2021-11-15 11:15:00,31.750,31.770,31.560,31.600,70200
2021-11-15 11:20:00,31.600,31.640,31.500,31.640,98400
2021-11-15 11:25:00,31.630,31.630,31.370,31.370,104400
2021-11-15 11:30:00,31.370,31.470,31.340,31.410,132200
2021-11-15 13:05:00,31.420,31.450,31.300,31.340,134100
2021-11-15 13:10:00,31.340,31.550,31.310,31.530,117300
2021-11-15 13:15:00,31.540,31.690,31.480,31.550,58800
2021-11-15 13:20:00,31.540,31.590,31.490,31.580,50100
2021-11-15 13:25:00,31.580,31.780,31.580,31.770,63300
2021-11-15 13:30:00,31.780,31.860,31.720,31.770,51300
2021-11-15 13:35:00,31.780,31.780,31.710,31.730,54800
2021-11-15 13:40:00,31.710,31.710,31.650,31.660,38000
2021-11-15 13:45:00,31.660,31.680,31.510,31.630,252400
2021-11-15 13:50:00,31.590,31.610,31.510,31.580,79000
2021-11-15 13:55:00,31.600,31.600,31.530,31.580,42500
2021-11-15 14:00:00,31.570,31.630,31.550,31.550,40600
2021-11-15 14:05:00,31.560,31.580,31.510,31.580,75397
2021-11-15 14:10:00,31.580,31.790,31.580,31.790,76084
2021-11-15 14:15:00,31.790,31.920,31.780,31.870,102900
2021-11-15 14:20:00,31.870,31.930,31.840,31.890,74400
2021-11-15 14:25:00,31.920,31.920,31.880,31.920,39800
2021-11-15 14:30:00,31.920,31.920,31.830,31.900,30800
2021-11-15 14:35:00,31.900,31.930,31.860,31.930,73600
2021-11-15 14:40:00,31.930,32.090,31.890,32.080,108200
2021-11-15 14:45:00,32.100,32.170,32.000,32.140,76413
2021-11-15 14:50:00,32.140,32.160,32.050,32.050,53700
2021-11-15 14:55:00,32.050,32.120,31.980,32.080,118400
2021-11-15 15:00:00,32.080,32.140,32.010,32.040,76900
2021-11-16 09:35:00,31.630,32.470,31.510,32.040,224656
2021-11-16 09:40:00,32.030,32.200,31.830,32.130,101000
2021-11-16 09:45:00,32.150,32.190,31.960,32.100,72200
2021-11-16 09:50:00,32.100,32.100,31.910,31.970,59600
2021-11-16 09:55:00,31.930,31.940,31.770,31.810,135900
2021-11-16 10:00:00,31.870,31.870,31.670,31.740,142660
2021-11-16 10:05:00,31.740,31.810,31.720,31.780,68300
2021-11-16 10:10:00,31.780,31.780,31.580,31.600,50400
2021-11-16 10:15:00,31.630,31.780,31.630,31.630,43800
2021-11-16 10:20:00,31.640,31.810,31.630,31.790,94000
2021-11-16 10:25:00,31.770,31.890,31.720,31.730,50500
2021-11-16 10:30:00,31.740,31.800,31.640,31.650,34100
2021-11-16 10:35:00,31.650,31.720,31.600,31.620,85277
2021-11-16 10:40:00,31.610,31.690,31.610,31.690,41700
2021-11-16 10:45:00,31.720,31.750,31.620,31.750,33400
2021-11-16 10:50:00,31.750,31.820,31.720,31.770,38600
2021-11-16 10:55:00,31.770,31.880,31.690,31.830,17700
2021-11-16 11:00:00,31.730,31.820,31.720,31.770,6300
2021-11-16 11:05:00,31.770,31.770,31.700,31.750,43800
2021-11-16 11:10:00,31.770,31.790,31.740,31.790,28700
2021-11-16 11:15:00,31.750,31.800,31.650,31.650,41300
2021-11-16 11:20:00,31.660,31.690,31.550,31.550,103023
2021-11-16 11:25:00,31.550,31.690,31.550,31.600,80500
2021-11-16 11:30:00,31.610,31.690,31.600,31.600,10500
2021-11-16 13:05:00,31.610,31.660,31.490,31.500,140500
2021-11-16 13:10:00,31.500,31.570,31.480,31.520,89400
2021-11-16 13:15:00,31.510,31.520,31.330,31.330,144500
2021-11-16 13:20:00,31.350,31.360,31.180,31.210,159300
2021-11-16 13:25:00,31.240,31.280,31.180,31.220,82300
2021-11-16 13:30:00,31.220,31.360,31.200,31.340,143900
2021-11-16 13:35:00,31.340,31.390,31.310,31.360,89300
2021-11-16 13:40:00,31.340,31.460,31.320,31.420,52400
2021-11-16 13:45:00,31.420,31.480,31.360,31.410,65900
2021-11-16 13:50:00,31.400,31.590,31.390,31.570,69000
2021-11-16 13:55:00,31.570,31.590,31.480,31.480,71700
2021-11-16 14:00:00,31.470,31.530,31.400,31.430,82500
2021-11-16 14:05:00,31.460,31.460,31.380,31.420,67600
2021-11-16 14:10:00,31.400,31.460,31.380,31.380,58400
2021-11-16 14:15:00,31.370,31.400,31.280,31.280,90800
2021-11-16 14:20:00,31.280,31.310,31.280,31.310,42800
2021-11-16 14:25:00,31.320,31.360,31.300,31.300,71400
2021-11-16 14:30:00,31.310,31.310,31.110,31.160,222700
2021-11-16 14:35:00,31.160,31.210,31.110,31.210,73000
2021-11-16 14:40:00,31.220,31.220,31.140,31.140,80300
2021-11-16 14:45:00,31.140,31.340,31.130,31.320,69300
2021-11-16 14:50:00,31.320,31.500,31.320,31.440,92400
2021-11-16 14:55:00,31.430,31.460,31.370,31.420,70500
2021-11-16 15:00:00,31.410,31.510,31.300,31.300,131000
2021-11-17 09:35:00,31.310,31.580,31.210,31.300,75660
2021-11-17 09:40:00,31.300,31.340,30.950,31.140,145700
2021-11-17 09:45:00,31.140,31.440,31.090,31.340,90824
2021-11-17 09:50:00,31.350,31.390,31.260,31.260,27900
2021-11-17 09:55:00,31.280,31.470,31.280,31.340,71000
2021-11-17 10:00:00,31.350,31.420,31.280,31.280,41700
2021-11-17 10:05:00,31.280,31.280,31.140,31.150,61100
2021-11-17 10:10:00,31.160,31.230,31.110,31.140,53900
2021-11-17 10:15:00,31.130,31.300,31.130,31.260,42300
2021-11-17 10:20:00,31.240,31.270,31.180,31.190,47900
2021-11-17 10:25:00,31.270,31.270,31.140,31.250,46700
2021-11-17 10:30:00,31.250,31.300,31.170,31.250,27797
2021-11-17 10:35:00,31.290,31.330,31.200,31.330,15900
2021-11-17 10:40:00,31.320,31.500,31.320,31.450,51200
2021-11-17 10:45:00,31.430,31.510,31.390,31.440,31900
2021-11-17 10:50:00,31.460,31.600,31.450,31.570,29300
2021-11-17 10:55:00,31.570,31.580,31.500,31.530,23900
2021-11-17 11:00:00,31.540,31.590,31.520,31.560,18600
2021-11-17 11:05:00,31.560,31.570,31.460,31.490,87900
2021-11-17 11:10:00,31.490,31.580,31.490,31.530,29100
2021-11-17 11:15:00,31.530,31.650,31.520,31.630,55200
2021-11-17 11:20:00,31.630,31.800,31.620,31.630,116700
2021-11-17 11:25:00,31.640,31.680,31.570,31.630,13300
2021-11-17 11:30:00,31.630,31.630,31.500,31.550,45800
2021-11-17 13:05:00,31.550,31.580,31.450,31.550,20600
2021-11-17 13:10:00,31.550,31.690,31.550,31.670,68700
2021-11-17 13:15:00,31.680,31.890,31.680,31.850,94700
2021-11-17 13:20:00,31.830,31.850,31.740,31.740,62100
2021-11-17 13:25:00,31.740,31.800,31.700,31.720,41800
2021-11-17 13:30:00,31.780,31.810,31.620,31.790,120700
2021-11-17 13:35:00,31.730,31.800,31.720,31.720,19600
2021-11-17 13:40:00,31.750,31.750,31.650,31.690,28200
2021-11-17 13:45:00,31.640,31.700,31.550,31.550,38200
2021-11-17 13:50:00,31.550,31.610,31.520,31.550,41400
2021-11-17 13:55:00,31.590,31.600,31.530,31.530,33600
2021-11-17 14:00:00,31.580,31.640,31.530,31.610,54300
2021-11-17 14:05:00,31.550,31.620,31.540,31.540,34700
2021-11-17 14:10:00,31.540,31.670,31.540,31.630,52500
2021-11-17 14:15:00,31.630,31.670,31.600,31.640,9200
2021-11-17 14:20:00,31.640,31.710,31.600,31.670,77100
2021-11-17 14:25:00,31.670,31.690,31.620,31.660,14000
2021-11-17 14:30:00,31.670,31.730,31.620,31.700,57624
2021-11-17 14:35:00,31.710,31.860,31.690,31.800,111600
2021-11-17 14:40:00,31.800,31.860,31.770,31.770,32600
2021-11-17 14:45:00,31.770,31.940,31.750,31.890,207900
2021-11-17 14:50:00,31.890,31.940,31.850,31.940,75500
2021-11-17 14:55:00,31.940,31.940,31.740,31.770,68900
2021-11-17 15:00:00,31.770,31.900,31.700,31.900,193300
2021-11-18 09:35:00,31.900,31.900,31.450,31.670,152200
2021-11-18 09:40:00,31.670,31.720,31.540,31.570,60100
2021-11-18 09:45:00,31.600,31.750,31.570,31.630,54400
2021-11-18 09:50:00,31.610,31.640,31.550,31.590,56800
2021-11-18 09:55:00,31.590,31.630,31.560,31.600,34000
2021-11-18 10:00:00,31.600,31.720,31.450,31.540,105900
2021-11-18 10:05:00,31.500,31.610,31.500,31.520,40100
2021-11-18 10:10:00,31.520,31.570,31.460,31.520,43900
2021-11-18 10:15:00,31.520,31.550,31.400,31.460,100700
2021-11-18 10:20:00,31.460,31.470,31.410,31.410,27100
2021-11-18 10:25:00,31.420,31.480,31.340,31.410,110900
2021-11-18 10:30:00,31.410,31.500,31.380,31.420,39300
2021-11-18 10:35:00,31.420,31.460,31.390,31.440,14800
2021-11-18 10:40:00,31.440,31.580,31.400,31.470,28200
2021-11-18 10:45:00,31.470,31.530,31.450,31.510,5400
2021-11-18 10:50:00,31.480,31.530,31.460,31.500,15300
2021-11-18 10:55:00,31.500,31.660,31.500,31.590,38400
2021-11-18 11:00:00,31.590,31.650,31.560,31.630,68600
2021-11-18 11:05:00,31.630,31.670,31.590,31.640,55000
2021-11-18 11:10:00,31.630,31.690,31.630,31.680,20600
2021-11-18 11:15:00,31.680,31.700,31.640,31.680,38300
2021-11-18 11:20:00,31.680,31.810,31.630,31.730,57500
2021-11-18 11:25:00,31.730,31.800,31.680,31.690,34100
2021-11-18 11:30:00,31.690,31.760,31.620,31.680,23800
2021-11-18 13:05:00,31.620,31.800,31.600,31.660,35400
2021-11-18 13:10:00,31.660,31.670,31.600,31.670,11300
2021-11-18 13:15:00,31.620,31.670,31.540,31.540,54600
2021-11-18 13:20:00,31.570,31.590,31.530,31.540,8700
2021-11-18 13:25:00,31.540,31.610,31.530,31.570,19300
2021-11-18 13:30:00,31.530,31.580,31.470,31.520,55300
2021-11-18 13:35:00,31.500,31.520,31.390,31.400,86900
2021-11-18 13:40:00,31.410,31.410,31.250,31.250,246000
2021-11-18 13:45:00,31.260,31.400,31.260,31.350,64900
2021-11-18 13:50:00,31.350,31.380,31.330,31.370,63500
2021-11-18 13:55:00,31.380,31.400,31.350,31.370,49000
2021-11-18 14:00:00,31.350,31.380,31.250,31.300,297200
2021-11-18 14:05:00,31.300,31.380,31.260,31.310,45300
2021-11-18 14:10:00,31.310,31.330,31.300,31.300,46600
2021-11-18 14:15:00,31.300,31.300,31.250,31.260,61200
2021-11-18 14:20:00,31.280,31.310,31.250,31.280,33100
2021-11-18 14:25:00,31.280,31.290,31.140,31.140,80100
2021-11-18 14:30:00,31.180,31.270,31.130,31.210,45436
2021-11-18 14:35:00,31.210,31.270,31.180,31.190,40564
2021-11-18 14:40:00,31.180,31.200,31.070,31.170,169400
2021-11-18 14:45:00,31.130,31.180,31.090,31.160,177475
2021-11-18 14:50:00,31.170,31.180,31.100,31.160,86700
2021-11-18 14:55:00,31.160,31.470,31.160,31.380,147200
2021-11-18 15:00:00,31.380,31.420,31.170,31.420,236100
2021-11-19 09:35:00,30.960,31.320,30.900,30.940,245800
2021-11-19 09:40:00,30.960,31.060,30.930,30.940,125400
2021-11-19 09:45:00,30.940,31.150,30.930,31.120,80500
2021-11-19 09:50:00,31.120,31.120,30.900,30.910,96800
2021-11-19 09:55:00,30.900,30.960,30.700,30.800,122500
2021-11-19 10:00:00,30.790,30.840,30.730,30.800,98300
2021-11-19 10:05:00,30.810,31.000,30.800,30.960,203119
2021-11-19 10:10:00,30.960,30.960,30.800,30.810,51200
2021-11-19 10:15:00,30.810,30.880,30.810,30.860,35600
2021-11-19 10:20:00,30.860,30.940,30.800,30.940,67700
2021-11-19 10:25:00,30.930,30.940,30.870,30.910,20900
2021-11-19 10:30:00,30.910,30.920,30.760,30.900,214459
2021-11-19 10:35:00,30.900,30.910,30.840,30.840,50700
2021-11-19 10:40:00,30.830,30.860,30.800,30.850,24600
2021-11-19 10:45:00,30.850,30.890,30.810,30.820,37100
2021-11-19 10:50:00,30.820,30.880,30.760,30.870,34459
2021-11-19 10:55:00,30.870,30.880,30.790,30.810,21000
2021-11-19 11:00:00,30.810,30.870,30.800,30.800,13500
2021-11-19 11:05:00,30.800,30.820,30.790,30.810,22800
2021-11-19 11:10:00,30.800,30.860,30.750,30.820,47700
2021-11-19 11:15:00,30.820,30.880,30.790,30.860,58600
2021-11-19 11:20:00,30.850,30.870,30.770,30.830,51100
2021-11-19 11:25:00,30.820,30.820,30.750,30.780,52005
2021-11-19 11:30:00,30.770,30.800,30.750,30.750,20200
2021-11-19 13:05:00,30.750,30.750,30.660,30.740,102600
2021-11-19 13:10:00,30.740,30.740,30.660,30.700,43038
2021-11-19 13:15:00,30.700,30.720,30.640,30.700,59700
2021-11-19 13:20:00,30.700,30.710,30.640,30.660,51500
2021-11-19 13:25:00,30.670,30.710,30.650,30.710,28400
2021-11-19 13:30:00,30.700,30.740,30.690,30.700,43300
2021-11-19 13:35:00,30.710,30.770,30.650,30.740,82200
2021-11-19 13:40:00,30.740,30.840,30.740,30.830,76300
2021-11-19 13:45:00,30.820,30.990,30.820,30.960,113500
2021-11-19 13:50:00,30.960,30.960,30.870,30.930,26400
2021-11-19 13:55:00,30.930,30.960,30.890,30.950,18500
2021-11-19 14:00:00,30.940,31.020,30.920,31.020,42300
2021-11-19 14:05:00,31.020,31.040,30.920,30.970,35400
2021-11-19 14:10:00,30.960,31.040,30.950,30.980,30100
2021-11-19 14:15:00,30.980,31.040,30.940,31.030,22100
2021-11-19 14:20:00,31.010,31.050,30.970,31.010,35400
2021-11-19 14:25:00,31.000,31.010,30.920,30.950,45000
2021-11-19 14:30:00,30.920,30.960,30.850,30.850,57100
2021-11-19 14:35:00,30.850,30.850,30.780,30.810,40000
2021-11-19 14:40:00,30.810,30.810,30.760,30.810,42600
2021-11-19 14:45:00,30.810,31.020,30.760,31.000,256257
2021-11-19 14:50:00,31.000,31.070,30.920,31.020,115092
2021-11-19 14:55:00,31.020,31.100,30.860,30.900,177400
2021-11-19 15:00:00,30.860,30.920,30.830,30.880,57300
2021-11-22 09:35:00,31.000,31.250,30.920,31.150,272665
2021-11-22 09:40:00,31.150,31.300,31.000,31.020,95500
2021-11-22 09:45:00,31.000,31.140,30.920,30.950,70791
2021-11-22 09:50:00,31.040,31.150,30.950,31.020,41200
2021-11-22 09:55:00,31.000,31.080,30.910,30.960,66700
2021-11-22 10:00:00,30.960,30.980,30.900,30.910,27300
2021-11-22 10:05:00,30.910,31.000,30.870,30.890,107073
2021-11-22 10:10:00,30.890,30.980,30.870,30.970,84500
2021-11-22 10:15:00,30.970,31.080,30.910,31.010,60900
2021-11-22 10:20:00,31.010,31.120,31.000,31.100,43800
2021-11-22 10:25:00,31.060,31.180,31.050,31.060,37000
2021-11-22 10:30:00,31.050,31.170,31.040,31.120,31900
2021-11-22 10:35:00,31.120,31.150,31.030,31.150,32900
2021-11-22 10:40:00,31.150,31.190,31.120,31.180,46300
2021-11-22 10:45:00,31.180,31.190,31.130,31.150,24100
2021-11-22 10:50:00,31.170,31.250,31.150,31.220,47400
2021-11-22 10:55:00,31.220,31.220,31.120,31.160,44800
2021-11-22 11:00:00,31.170,31.220,31.160,31.210,30400
2021-11-22 11:05:00,31.180,31.270,31.160,31.170,55600
2021-11-22 11:10:00,31.160,31.230,31.120,31.180,21900
2021-11-22 11:15:00,31.180,31.250,31.170,31.190,38000
2021-11-22 11:20:00,31.190,31.250,31.160,31.250,22800
2021-11-22 11:25:00,31.250,31.270,31.230,31.260,25100
2021-11-22 11:30:00,31.260,31.380,31.260,31.330,92780
2021-11-22 13:05:00,31.330,31.350,31.230,31.340,44800
2021-11-22 13:10:00,31.330,31.340,31.220,31.250,24600
2021-11-22 13:15:00,31.300,31.310,31.210,31.210,43200
2021-11-22 13:20:00,31.290,31.290,31.200,31.230,24500
2021-11-22 13:25:00,31.230,31.280,31.110,31.140,59100
2021-11-22 13:30:00,31.150,31.170,31.040,31.040,90700
2021-11-22 13:35:00,31.050,31.050,30.860,30.880,180800
2021-11-22 13:40:00,30.880,30.920,30.860,30.910,91800
2021-11-22 13:45:00,30.870,30.950,30.860,30.870,100700
2021-11-22 13:50:00,30.870,30.950,30.840,30.880,110801
2021-11-22 13:55:00,30.880,30.950,30.810,30.810,84499
2021-11-22 14:00:00,30.820,30.830,30.710,30.750,104400
2021-11-22 14:05:00,30.760,30.830,30.660,30.660,186601
2021-11-22 14:10:00,30.680,30.800,30.670,30.750,30800
2021-11-22 14:15:00,30.750,30.750,30.700,30.730,63600
2021-11-22 14:20:00,30.740,30.800,30.690,30.730,146400
2021-11-22 14:25:00,30.740,30.800,30.690,30.800,101300
2021-11-22 14:30:00,30.790,30.870,30.730,30.780,199300
2021-11-22 14:35:00,30.800,30.830,30.780,30.790,66900
2021-11-22 14:40:00,30.790,30.820,30.750,30.750,78000
2021-11-22 14:45:00,30.800,30.830,30.760,30.830,154800
2021-11-22 14:50:00,30.800,30.800,30.750,30.790,163538
2021-11-22 14:55:00,30.790,30.800,30.760,30.760,73400
2021-11-22 15:00:00,30.760,30.800,30.750,30.760,50151
2021-11-23 09:35:00,30.740,31.200,30.590,30.910,140800
2021-11-23 09:40:00,30.920,31.060,30.800,30.980,84400
2021-11-23 09:45:00,30.940,31.250,30.940,31.200,173100
2021-11-23 09:50:00,31.170,31.370,31.100,31.290,150700
2021-11-23 09:55:00,31.270,31.320,31.150,31.150,91300
2021-11-23 10:00:00,31.150,31.220,31.130,31.160,46500
2021-11-23 10:05:00,31.160,31.160,30.920,30.950,50800
2021-11-23 10:10:00,30.930,31.000,30.880,30.960,37200
2021-11-23 10:15:00,30.960,30.970,30.820,30.860,30400
2021-11-23 10:20:00,30.900,31.000,30.830,30.880,59596
2021-11-23 10:25:00,30.880,30.990,30.860,30.950,33300
2021-11-23 10:30:00,30.950,31.020,30.930,30.950,21900
2021-11-23 10:35:00,30.950,31.080,30.870,30.970,187332
2021-11-23 10:40:00,30.950,31.000,30.940,30.980,24300
2021-11-23 10:45:00,30.960,30.980,30.950,30.980,13300
2021-11-23 10:50:00,30.970,31.040,30.940,30.990,46300
2021-11-23 10:55:00,31.040,31.040,30.990,30.990,4700
2021-11-23 11:00:00,30.990,31.030,30.960,30.990,31600
2021-11-23 11:05:00,30.990,31.020,30.920,30.920,23900
2021-11-23 11:10:00,30.920,30.920,30.870,30.880,28200
2021-11-23 11:15:00,30.870,30.890,30.860,30.880,8100
2021-11-23 11:20:00,30.880,30.940,30.880,30.930,9300
2021-11-23 11:25:00,30.890,30.940,30.890,30.940,4400
2021-11-23 11:30:00,30.940,30.970,30.840,30.890,131500
2021-11-23 13:05:00,30.910,30.910,30.730,30.810,106600
2021-11-23 13:10:00,30.790,30.880,30.780,30.810,31400
2021-11-23 13:15:00,30.820,30.880,30.800,30.850,7300
2021-11-23 13:20:00,30.870,30.880,30.820,30.820,3300
2021-11-23 13:25:00,30.860,30.870,30.830,30.830,5500
2021-11-23 13:30:00,30.830,30.860,30.810,30.860,13000
2021-11-23 13:35:00,30.880,30.900,30.870,30.900,10700
2021-11-23 13:40:00,30.890,30.980,30.830,30.880,151838
2021-11-23 13:45:00,30.880,30.890,30.830,30.860,13900
2021-11-23 13:50:00,30.860,30.860,30.720,30.830,123300
2021-11-23 13:55:00,30.820,30.840,30.780,30.830,8718
2021-11-23 14:00:00,30.820,31.130,30.820,31.050,309500
2021-11-23 14:05:00,31.040,31.150,30.950,31.100,129519
2021-11-23 14:10:00,31.100,31.130,31.000,31.040,29400
2021-11-23 14:15:00,31.040,31.120,31.030,31.090,20400
2021-11-23 14:20:00,31.090,31.170,31.090,31.150,53800
2021-11-23 14:25:00,31.150,31.220,31.150,31.180,115500
2021-11-23 14:30:00,31.180,31.190,31.110,31.110,28500
2021-11-23 14:35:00,31.110,31.170,31.090,31.150,48602
2021-11-23 14:40:00,31.150,31.160,31.090,31.100,39636
2021-11-23 14:45:00,31.100,31.140,31.040,31.070,17800
2021-11-23 14:50:00,31.070,31.120,31.050,31.080,38668
2021-11-23 14:55:00,31.080,31.130,31.070,31.110,59562
2021-11-23 15:00:00,31.080,31.120,31.050,31.050,30000
