day,open,high,low,close,volume
2021-10-22 14:55:00,12.520,12.550,12.510,12.520,369800
2021-10-22 15:00:00,12.520,12.530,12.500,12.520,403321
2021-10-25 09:35:00,12.620,12.810,12.530,12.770,1010360
2021-10-25 09:40:00,12.780,12.800,12.650,12.800,729400
2021-10-25 09:45:00,12.800,12.810,12.750,12.790,469700
2021-10-25 09:50:00,12.790,12.980,12.780,12.970,1246940
2021-10-25 09:55:00,12.960,12.970,12.880,12.890,508900
2021-10-25 10:00:00,12.880,13.070,12.880,13.040,1317400
2021-10-25 10:05:00,13.030,13.150,13.030,13.070,1196817
2021-10-25 10:10:00,13.070,13.100,12.990,13.090,605372
2021-10-25 10:15:00,13.100,13.130,13.070,13.090,514900
2021-10-25 10:20:00,13.090,13.110,13.060,13.090,405100
2021-10-25 10:25:00,13.080,13.180,13.080,13.120,571700
2021-10-25 10:30:00,13.120,13.150,13.090,13.100,232700
2021-10-25 10:35:00,13.100,13.100,13.030,13.050,293000
2021-10-25 10:40:00,13.060,13.080,13.020,13.080,227700
2021-10-25 10:45:00,13.080,13.080,13.040,13.060,139600
2021-10-25 10:50:00,13.060,13.070,13.030,13.040,95400
2021-10-25 10:55:00,13.060,13.060,13.000,13.010,123900
2021-10-25 11:00:00,13.010,13.030,13.000,13.020,156000
2021-10-25 11:05:00,13.020,13.030,12.990,13.030,172000
2021-10-25 11:10:00,13.020,13.050,13.010,13.050,118100
2021-10-25 11:15:00,13.040,13.050,13.030,13.040,80500
2021-10-25 11:20:00,13.030,13.040,13.010,13.020,93200
2021-10-25 11:25:00,13.020,13.030,13.000,13.000,100600
2021-10-25 11:30:00,13.000,13.010,12.990,13.000,92400
2021-10-25 13:05:00,13.000,13.000,12.940,12.960,175550
2021-10-25 13:10:00,12.950,12.960,12.930,12.930,90150
2021-10-25 13:15:00,12.950,12.950,12.900,12.920,218700
2021-10-25 13:20:00,12.920,12.950,12.910,12.950,84200
2021-10-25 13:25:00,12.950,12.960,12.940,12.940,137200
2021-10-25 13:30:00,12.950,13.020,12.940,12.990,410900
2021-10-25 13:35:00,12.990,12.990,12.940,12.950,217500
2021-10-25 13:40:00,12.950,12.970,12.930,12.940,82600
2021-10-25 13:45:00,12.950,13.010,12.940,13.000,337400
2021-10-25 13:50:00,13.010,13.010,12.990,13.010,45000
2021-10-25 13:55:00,13.010,13.010,12.990,12.990,111200
2021-10-25 14:00:00,13.000,13.000,12.970,12.970,53900
2021-10-25 14:05:00,12.970,12.990,12.960,12.980,63600
2021-10-25 14:10:00,12.980,13.020,12.970,12.970,166280
2021-10-25 14:15:00,12.980,13.040,12.970,13.000,367100
2021-10-25 14:20:00,13.010,13.010,12.950,12.950,126200
2021-10-25 14:25:00,12.960,12.960,12.940,12.940,83103
2021-10-25 14:30:00,12.950,12.980,12.930,12.960,272300
2021-10-25 14:35:00,12.960,12.990,12.940,12.960,196000
2021-10-25 14:40:00,12.960,12.960,12.910,12.920,457500
2021-10-25 14:45:00,12.910,12.950,12.890,12.890,504700
2021-10-25 14:50:00,12.890,12.940,12.880,12.930,706932
2021-10-25 14:55:00,12.920,12.930,12.860,12.890,832300
2021-10-25 15:00:00,12.900,12.910,12.880,12.900,423100
2021-10-26 09:35:00,12.990,13.150,12.880,13.140,1784810
2021-10-26 09:40:00,13.130,13.200,13.110,13.130,1327500
2021-10-26 09:45:00,13.160,13.230,13.130,13.210,1038165
2021-10-26 09:50:00,13.210,13.210,13.130,13.150,626900
2021-10-26 09:55:00,13.150,13.220,13.100,13.190,803500
2021-10-26 10:00:00,13.190,13.220,13.130,13.140,620300
2021-10-26 10:05:00,13.140,13.220,13.130,13.200,464600
2021-10-26 10:10:00,13.210,13.210,13.150,13.200,247000
2021-10-26 10:15:00,13.200,13.240,13.160,13.220,513000
2021-10-26 10:20:00,13.220,13.230,13.200,13.220,226614
2021-10-26 10:25:00,13.220,13.250,13.200,13.230,247400
2021-10-26 10:30:00,13.230,13.250,13.220,13.230,260932
2021-10-26 10:35:00,13.240,13.240,13.190,13.230,211654
2021-10-26 10:40:00,13.230,13.240,13.190,13.200,154600
2021-10-26 10:45:00,13.190,13.200,13.150,13.180,181633
2021-10-26 10:50:00,13.170,13.190,13.160,13.180,135800
2021-10-26 10:55:00,13.180,13.180,13.130,13.170,226467
2021-10-26 11:00:00,13.170,13.190,13.150,13.190,137614
2021-10-26 11:05:00,13.190,13.190,13.130,13.140,278386
2021-10-26 11:10:00,13.140,13.150,13.130,13.140,234200
2021-10-26 11:15:00,13.150,13.170,13.080,13.090,432700
2021-10-26 11:20:00,13.090,13.130,13.090,13.110,119100
2021-10-26 11:25:00,13.110,13.120,13.090,13.100,242500
2021-10-26 11:30:00,13.090,13.100,13.080,13.090,60571
2021-10-26 13:05:00,13.090,13.150,13.080,13.080,193929
2021-10-26 13:10:00,13.090,13.100,13.060,13.070,116700
2021-10-26 13:15:00,13.080,13.130,13.060,13.120,120400
2021-10-26 13:20:00,13.120,13.140,13.110,13.130,167600
2021-10-26 13:25:00,13.140,13.140,13.070,13.090,125000
2021-10-26 13:30:00,13.100,13.100,13.070,13.070,93700
2021-10-26 13:35:00,13.070,13.080,13.050,13.070,143200
2021-10-26 13:40:00,13.070,13.070,13.030,13.050,155600
2021-10-26 13:45:00,13.050,13.100,13.000,13.090,328400
2021-10-26 13:50:00,13.090,13.110,13.080,13.100,71800
2021-10-26 13:55:00,13.110,13.120,13.080,13.090,168800
2021-10-26 14:00:00,13.090,13.090,13.050,13.060,102400
2021-10-26 14:05:00,13.060,13.090,13.050,13.070,124400
2021-10-26 14:10:00,13.080,13.080,13.050,13.060,127700
2021-10-26 14:15:00,13.060,13.060,13.010,13.030,146600
2021-10-26 14:20:00,13.040,13.060,13.020,13.030,136500
2021-10-26 14:25:00,13.060,13.060,13.010,13.040,142200
2021-10-26 14:30:00,13.040,13.100,13.020,13.030,398600
2021-10-26 14:35:00,13.040,13.040,12.970,13.010,287700
2021-10-26 14:40:00,13.010,13.030,12.970,13.030,323400
2021-10-26 14:45:00,13.030,13.060,13.020,13.040,422300
2021-10-26 14:50:00,13.040,13.080,13.040,13.070,329600
2021-10-26 14:55:00,13.060,13.070,13.010,13.070,528500
2021-10-26 15:00:00,13.070,13.080,13.040,13.060,424600
2021-10-27 09:35:00,13.060,13.150,12.960,13.020,806699
2021-10-27 09:40:00,13.020,13.160,13.020,13.150,627760
2021-10-27 09:45:00,13.150,13.340,13.150,13.310,1341600
2021-10-27 09:50:00,13.310,13.330,13.210,13.280,723900
2021-10-27 09:55:00,13.270,13.310,13.220,13.260,514300
2021-10-27 10:00:00,13.260,13.320,13.180,13.300,704000
2021-10-27 10:05:00,13.290,13.340,13.220,13.220,733000
2021-10-27 10:10:00,13.220,13.280,13.200,13.240,275000
2021-10-27 10:15:00,13.230,13.290,13.220,13.240,500200
2021-10-27 10:20:00,13.240,13.300,13.240,13.290,306200
2021-10-27 10:25:00,13.280,13.290,13.220,13.270,361300
2021-10-27 10:30:00,13.270,13.300,13.250,13.280,510300
2021-10-27 10:35:00,13.280,13.290,13.170,13.170,416800
2021-10-27 10:40:00,13.160,13.190,13.130,13.140,292900
2021-10-27 10:45:00,13.130,13.190,13.130,13.180,271800
2021-10-27 10:50:00,13.180,13.230,13.180,13.190,238900
2021-10-27 10:55:00,13.200,13.220,13.190,13.200,110900
2021-10-27 11:00:00,13.200,13.270,13.200,13.260,219100
2021-10-27 11:05:00,13.270,13.330,13.260,13.310,533300
2021-10-27 11:10:00,13.310,13.390,13.280,13.380,608144
2021-10-27 11:15:00,13.380,13.430,13.330,13.330,974300
2021-10-27 11:20:00,13.330,13.370,13.320,13.340,183800
2021-10-27 11:25:00,13.340,13.390,13.340,13.360,218500
2021-10-27 11:30:00,13.360,13.400,13.350,13.380,259200
2021-10-27 13:05:00,13.390,13.440,13.380,13.400,491800
2021-10-27 13:10:00,13.410,13.410,13.330,13.330,319900
2021-10-27 13:15:00,13.330,13.370,13.300,13.310,262500
2021-10-27 13:20:00,13.310,13.370,13.310,13.330,144556
2021-10-27 13:25:00,13.330,13.350,13.270,13.280,149100
2021-10-27 13:30:00,13.270,13.280,13.230,13.260,243500
2021-10-27 13:35:00,13.250,13.250,13.220,13.240,177300
2021-10-27 13:40:00,13.230,13.250,13.230,13.240,172600
2021-10-27 13:45:00,13.230,13.300,13.230,13.270,187100
2021-10-27 13:50:00,13.270,13.310,13.250,13.250,263100
2021-10-27 13:55:00,13.250,13.250,13.230,13.250,123400
2021-10-27 14:00:00,13.240,13.270,13.240,13.260,136000
2021-10-27 14:05:00,13.250,13.280,13.250,13.260,132300
2021-10-27 14:10:00,13.250,13.260,13.220,13.230,329900
2021-10-27 14:15:00,13.230,13.270,13.230,13.260,128900
2021-10-27 14:20:00,13.260,13.260,13.240,13.250,123400
2021-10-27 14:25:00,13.250,13.300,13.250,13.290,143800
2021-10-27 14:30:00,13.280,13.290,13.240,13.250,201200
2021-10-27 14:35:00,13.240,13.250,13.220,13.230,209700
2021-10-27 14:40:00,13.230,13.260,13.230,13.250,247500
2021-10-27 14:45:00,13.240,13.260,13.220,13.250,446300
2021-10-27 14:50:00,13.240,13.270,13.230,13.260,402700
2021-10-27 14:55:00,13.270,13.350,13.250,13.330,1034400
2021-10-27 15:00:00,13.310,13.320,13.290,13.310,579300
2021-10-28 09:35:00,13.210,13.260,13.120,13.250,1191500
2021-10-28 09:40:00,13.240,13.270,13.160,13.210,590800
2021-10-28 09:45:00,13.210,13.440,13.200,13.420,855100
2021-10-28 09:50:00,13.420,13.440,13.350,13.420,675400
2021-10-28 09:55:00,13.420,13.480,13.380,13.460,792100
2021-10-28 10:00:00,13.460,13.530,13.360,13.380,1080795
2021-10-28 10:05:00,13.370,13.370,13.260,13.280,751000
2021-10-28 10:10:00,13.280,13.280,13.200,13.230,439600
2021-10-28 10:15:00,13.240,13.340,13.190,13.310,388200
2021-10-28 10:20:00,13.290,13.290,13.210,13.250,219500
2021-10-28 10:25:00,13.250,13.320,13.240,13.260,264600
2021-10-28 10:30:00,13.260,13.300,13.230,13.280,157100
2021-10-28 10:35:00,13.280,13.330,13.250,13.250,401100
2021-10-28 10:40:00,13.260,13.290,13.190,13.200,447300
2021-10-28 10:45:00,13.190,13.210,13.180,13.210,340100
2021-10-28 10:50:00,13.230,13.260,13.210,13.220,132000
2021-10-28 10:55:00,13.210,13.240,13.190,13.200,205000
2021-10-28 11:00:00,13.200,13.260,13.190,13.260,161100
2021-10-28 11:05:00,13.260,13.270,13.220,13.230,181618
2021-10-28 11:10:00,13.220,13.330,13.220,13.320,279100
2021-10-28 11:15:00,13.320,13.380,13.320,13.370,477300
2021-10-28 11:20:00,13.370,13.380,13.300,13.340,263200
2021-10-28 11:25:00,13.350,13.370,13.330,13.340,212900
2021-10-28 11:30:00,13.340,13.360,13.320,13.340,237600
2021-10-28 13:05:00,13.350,13.380,13.320,13.340,270100
2021-10-28 13:10:00,13.350,13.350,13.260,13.280,256000
2021-10-28 13:15:00,13.290,13.290,13.220,13.260,177600
2021-10-28 13:20:00,13.250,13.280,13.250,13.260,44500
2021-10-28 13:25:00,13.260,13.290,13.250,13.270,106200
2021-10-28 13:30:00,13.270,13.330,13.260,13.310,145400
2021-10-28 13:35:00,13.300,13.310,13.260,13.270,145800
2021-10-28 13:40:00,13.270,13.280,13.250,13.280,121000
2021-10-28 13:45:00,13.280,13.280,13.240,13.240,214000
2021-10-28 13:50:00,13.240,13.260,13.200,13.200,251100
2021-10-28 13:55:00,13.200,13.210,13.170,13.170,315500
2021-10-28 14:00:00,13.170,13.230,13.170,13.200,325400
2021-10-28 14:05:00,13.200,13.270,13.180,13.230,181200
2021-10-28 14:10:00,13.240,13.250,13.200,13.210,165500
2021-10-28 14:15:00,13.210,13.230,13.200,13.200,156800
2021-10-28 14:20:00,13.200,13.240,13.190,13.220,204900
2021-10-28 14:25:00,13.220,13.240,13.200,13.210,233900
2021-10-28 14:30:00,13.210,13.230,13.200,13.210,304827
2021-10-28 14:35:00,13.210,13.220,13.130,13.150,545673
2021-10-28 14:40:00,13.130,13.190,13.120,13.160,544400
2021-10-28 14:45:00,13.160,13.180,13.130,13.160,204047
2021-10-28 14:50:00,13.170,13.240,13.160,13.230,253787
2021-10-28 14:55:00,13.230,13.250,13.200,13.210,323700
2021-10-28 15:00:00,13.210,13.220,13.180,13.200,265700
2021-10-29 09:35:00,13.300,13.300,13.090,13.090,775600
2021-10-29 09:40:00,13.090,13.120,13.030,13.030,876798
2021-10-29 09:45:00,13.040,13.160,12.900,12.910,1002800
2021-10-29 09:50:00,12.910,12.940,12.790,12.860,1051100
2021-10-29 09:55:00,12.860,12.880,12.800,12.840,795100
2021-10-29 10:00:00,12.840,12.880,12.790,12.840,797297
2021-10-29 10:05:00,12.880,12.940,12.800,12.810,501100
2021-10-29 10:10:00,12.800,12.820,12.740,12.770,474900
2021-10-29 10:15:00,12.770,12.840,12.770,12.830,398500
2021-10-29 10:20:00,12.820,12.880,12.820,12.830,209100
2021-10-29 10:25:00,12.830,12.880,12.800,12.840,348800
2021-10-29 10:30:00,12.840,12.840,12.750,12.780,375800
2021-10-29 10:35:00,12.790,12.790,12.720,12.720,334800
2021-10-29 10:40:00,12.720,12.750,12.700,12.740,497900
2021-10-29 10:45:00,12.740,12.900,12.730,12.850,631400
2021-10-29 10:50:00,12.850,12.880,12.800,12.810,143900
2021-10-29 10:55:00,12.820,12.920,12.810,12.890,248600
2021-10-29 11:00:00,12.890,12.890,12.830,12.870,125800
2021-10-29 11:05:00,12.870,12.880,12.820,12.820,170800
2021-10-29 11:10:00,12.820,12.840,12.770,12.840,247100
2021-10-29 11:15:00,12.860,12.860,12.800,12.810,168200
2021-10-29 11:20:00,12.810,12.870,12.800,12.870,175000
2021-10-29 11:25:00,12.870,12.880,12.840,12.860,163500
2021-10-29 11:30:00,12.860,12.880,12.830,12.860,150300
2021-10-29 13:05:00,12.860,12.880,12.800,12.840,246900
2021-10-29 13:10:00,12.840,12.910,12.840,12.890,205700
2021-10-29 13:15:00,12.890,12.930,12.860,12.870,136300
2021-10-29 13:20:00,12.860,12.870,12.830,12.860,144100
2021-10-29 13:25:00,12.850,12.890,12.840,12.860,227000
2021-10-29 13:30:00,12.860,12.870,12.800,12.820,197700
2021-10-29 13:35:00,12.830,12.850,12.800,12.850,227400
2021-10-29 13:40:00,12.850,12.880,12.820,12.840,214000
2021-10-29 13:45:00,12.850,12.850,12.800,12.830,339269
2021-10-29 13:50:00,12.840,12.870,12.820,12.850,149100
2021-10-29 13:55:00,12.850,12.890,12.820,12.850,238300
2021-10-29 14:00:00,12.850,12.930,12.850,12.910,135900
2021-10-29 14:05:00,12.910,12.970,12.900,12.960,188200
2021-10-29 14:10:00,12.950,13.010,12.950,13.000,212300
2021-10-29 14:15:00,13.000,13.020,12.990,13.020,96900
2021-10-29 14:20:00,13.020,13.040,12.970,12.980,351800
2021-10-29 14:25:00,12.970,13.000,12.960,13.000,289700
2021-10-29 14:30:00,13.000,13.020,12.970,12.990,623200
2021-10-29 14:35:00,12.990,12.990,12.960,12.990,87900
2021-10-29 14:40:00,12.990,13.000,12.970,12.980,115600
2021-10-29 14:45:00,12.970,12.980,12.940,12.960,168900
2021-10-29 14:50:00,12.950,13.000,12.950,12.990,183000
2021-10-29 14:55:00,12.990,13.020,12.980,13.010,509100
2021-10-29 15:00:00,13.010,13.090,13.000,13.090,751464
2021-11-01 09:35:00,12.990,13.070,12.840,12.910,1065400
2021-11-01 09:40:00,12.910,12.960,12.860,12.890,410700
2021-11-01 09:45:00,12.880,12.950,12.830,12.850,640600
2021-11-01 09:50:00,12.860,12.980,12.840,12.950,295400
2021-11-01 09:55:00,12.950,13.030,12.940,13.020,287100
2021-11-01 10:00:00,13.020,13.170,13.020,13.120,651700
2021-11-01 10:05:00,13.120,13.220,13.100,13.110,610500
2021-11-01 10:10:00,13.110,13.150,13.070,13.110,234200
2021-11-01 10:15:00,13.110,13.120,13.030,13.110,285200
2021-11-01 10:20:00,13.100,13.140,13.030,13.090,267300
2021-11-01 10:25:00,13.090,13.150,13.080,13.110,178100
2021-11-01 10:30:00,13.110,13.110,13.040,13.040,338300
2021-11-01 10:35:00,13.060,13.110,13.050,13.070,115700
2021-11-01 10:40:00,13.080,13.080,13.000,13.030,155000
2021-11-01 10:45:00,13.030,13.050,13.010,13.020,140500
2021-11-01 10:50:00,13.020,13.040,13.010,13.040,69000
2021-11-01 10:55:00,13.030,13.090,13.030,13.040,140100
2021-11-01 11:00:00,13.040,13.050,13.020,13.020,89100
2021-11-01 11:05:00,13.020,13.050,13.020,13.030,53600
2021-11-01 11:10:00,13.040,13.080,13.030,13.060,64100
2021-11-01 11:15:00,13.080,13.090,13.050,13.090,51600
2021-11-01 11:20:00,13.090,13.120,13.080,13.120,93600
2021-11-01 11:25:00,13.120,13.120,13.080,13.120,93500
2021-11-01 11:30:00,13.120,13.130,13.100,13.110,62900
2021-11-01 13:05:00,13.110,13.120,13.090,13.090,88700
2021-11-01 13:10:00,13.090,13.110,13.090,13.100,41700
2021-11-01 13:15:00,13.090,13.120,13.090,13.110,54400
2021-11-01 13:20:00,13.110,13.200,13.110,13.180,467950
2021-11-01 13:25:00,13.180,13.200,13.120,13.150,506300
2021-11-01 13:30:00,13.150,13.160,13.110,13.120,145900
2021-11-01 13:35:00,13.120,13.130,13.090,13.100,147900
2021-11-01 13:40:00,13.100,13.130,13.090,13.110,186300
2021-11-01 13:45:00,13.110,13.130,13.080,13.100,201400
2021-11-01 13:50:00,13.110,13.150,13.090,13.130,248400
2021-11-01 13:55:00,13.140,13.140,13.110,13.130,90400
2021-11-01 14:00:00,13.130,13.140,13.100,13.110,110400
2021-11-01 14:05:00,13.100,13.100,13.070,13.080,143400
2021-11-01 14:10:00,13.090,13.090,13.050,13.080,192700
2021-11-01 14:15:00,13.070,13.080,13.050,13.070,92900
2021-11-01 14:20:00,13.070,13.090,13.060,13.070,136100
2021-11-01 14:25:00,13.070,13.090,13.030,13.050,224500
2021-11-01 14:30:00,13.050,13.080,13.040,13.050,151200
2021-11-01 14:35:00,13.050,13.080,13.040,13.070,166900
2021-11-01 14:40:00,13.060,13.090,13.060,13.060,188800
2021-11-01 14:45:00,13.060,13.100,13.060,13.080,163931
2021-11-01 14:50:00,13.080,13.100,13.060,13.080,181800
2021-11-01 14:55:00,13.080,13.090,13.050,13.090,168500
2021-11-01 15:00:00,13.080,13.110,13.080,13.110,280335
2021-11-02 09:35:00,13.160,13.160,12.890,12.960,963700
2021-11-02 09:40:00,12.940,13.020,12.890,12.910,956300
2021-11-02 09:45:00,12.910,12.910,12.800,12.850,1169260
2021-11-02 09:50:00,12.840,12.860,12.790,12.820,802240
2021-11-02 09:55:00,12.820,12.880,12.810,12.840,511300
2021-11-02 10:00:00,12.820,12.840,12.780,12.800,675800
2021-11-02 10:05:00,12.800,12.840,12.800,12.820,207300
2021-11-02 10:10:00,12.820,12.920,12.820,12.890,207459
2021-11-02 10:15:00,12.890,12.890,12.830,12.830,159200
2021-11-02 10:20:00,12.830,12.850,12.800,12.820,214060
2021-11-02 10:25:00,12.820,12.840,12.780,12.830,478371
2021-11-02 10:30:00,12.830,12.860,12.800,12.800,270800
2021-11-02 10:35:00,12.800,12.830,12.800,12.820,188400
2021-11-02 10:40:00,12.810,12.870,12.810,12.840,204700
2021-11-02 10:45:00,12.840,12.850,12.790,12.830,431200
2021-11-02 10:50:00,12.820,12.840,12.810,12.830,100100
2021-11-02 10:55:00,12.830,12.840,12.770,12.780,294300
2021-11-02 11:00:00,12.770,12.810,12.760,12.800,201700
2021-11-02 11:05:00,12.810,12.810,12.760,12.780,168100
2021-11-02 11:10:00,12.770,12.780,12.730,12.760,341800
2021-11-02 11:15:00,12.760,12.770,12.750,12.760,143100
2021-11-02 11:20:00,12.750,12.770,12.710,12.750,434200
2021-11-02 11:25:00,12.750,12.780,12.740,12.780,74700
2021-11-02 11:30:00,12.780,12.870,12.770,12.870,104100
2021-11-02 13:05:00,12.840,12.850,12.770,12.780,195000
2021-11-02 13:10:00,12.770,12.830,12.770,12.820,168200
2021-11-02 13:15:00,12.820,12.830,12.770,12.800,287400
2021-11-02 13:20:00,12.810,12.820,12.720,12.730,347900
2021-11-02 13:25:00,12.720,12.740,12.680,12.680,832200
2021-11-02 13:30:00,12.680,12.700,12.630,12.630,603300
2021-11-02 13:35:00,12.640,12.660,12.590,12.600,1018800
2021-11-02 13:40:00,12.590,12.710,12.580,12.700,541300
2021-11-02 13:45:00,12.700,12.730,12.640,12.680,190800
2021-11-02 13:50:00,12.680,12.730,12.660,12.680,236900
2021-11-02 13:55:00,12.680,12.700,12.660,12.690,101700
2021-11-02 14:00:00,12.680,12.710,12.650,12.660,164100
2021-11-02 14:05:00,12.670,12.690,12.650,12.660,160600
2021-11-02 14:10:00,12.660,12.700,12.650,12.680,138400
2021-11-02 14:15:00,12.690,12.700,12.660,12.660,129700
2021-11-02 14:20:00,12.670,12.700,12.670,12.690,103900
2021-11-02 14:25:00,12.690,12.710,12.680,12.700,222900
2021-11-02 14:30:00,12.700,12.740,12.690,12.730,160900
2021-11-02 14:35:00,12.730,12.780,12.730,12.760,163859
2021-11-02 14:40:00,12.760,12.760,12.730,12.750,106500
2021-11-02 14:45:00,12.750,12.750,12.720,12.750,160100
2021-11-02 14:50:00,12.740,12.770,12.740,12.750,150100
2021-11-02 14:55:00,12.750,12.770,12.700,12.760,336500
2021-11-02 15:00:00,12.760,12.760,12.670,12.750,395100
2021-11-03 09:35:00,12.730,12.870,12.670,12.800,615900
2021-11-03 09:40:00,12.800,12.820,12.640,12.720,662900
2021-11-03 09:45:00,12.720,12.860,12.700,12.850,429400
2021-11-03 09:50:00,12.860,12.870,12.770,12.780,436300
2021-11-03 09:55:00,12.780,12.800,12.720,12.750,162800
2021-11-03 10:00:00,12.770,12.830,12.740,12.780,310700
2021-11-03 10:05:00,12.790,12.820,12.750,12.790,182400
2021-11-03 10:10:00,12.780,12.840,12.740,12.810,191500
2021-11-03 10:15:00,12.800,12.850,12.760,12.810,150300
2021-11-03 10:20:00,12.800,12.810,12.740,12.810,227200
2021-11-03 10:25:00,12.800,12.870,12.800,12.850,226300
2021-11-03 10:30:00,12.850,12.930,12.850,12.910,495100
2021-11-03 10:35:00,12.910,12.990,12.890,12.980,471100
2021-11-03 10:40:00,12.980,13.030,12.970,12.990,438300
2021-11-03 10:45:00,12.990,13.000,12.940,12.940,247300
2021-11-03 10:50:00,12.940,12.980,12.940,12.950,135700
2021-11-03 10:55:00,12.950,12.950,12.910,12.920,253200
2021-11-03 11:00:00,12.920,12.950,12.910,12.920,45400
2021-11-03 11:05:00,12.930,12.950,12.920,12.940,65700
2021-11-03 11:10:00,12.940,12.950,12.840,12.860,534300
2021-11-03 11:15:00,12.860,12.870,12.800,12.810,466300
2021-11-03 11:20:00,12.810,12.850,12.750,12.760,300800
2021-11-03 11:25:00,12.760,12.820,12.760,12.810,47200
2021-11-03 11:30:00,12.810,12.850,12.810,12.830,84000
2021-11-03 13:05:00,12.830,12.830,12.790,12.820,101300
2021-11-03 13:10:00,12.820,12.880,12.810,12.850,88300
2021-11-03 13:15:00,12.850,12.870,12.820,12.820,56700
2021-11-03 13:20:00,12.820,12.840,12.820,12.830,87400
2021-11-03 13:25:00,12.840,12.850,12.760,12.840,848000
2021-11-03 13:30:00,12.840,12.840,12.800,12.800,74300
2021-11-03 13:35:00,12.800,12.850,12.800,12.840,64300
2021-11-03 13:40:00,12.830,12.840,12.810,12.810,41800
2021-11-03 13:45:00,12.820,12.840,12.810,12.830,60900
2021-11-03 13:50:00,12.830,12.830,12.800,12.830,88400
2021-11-03 13:55:00,12.830,12.840,12.800,12.800,49500
2021-11-03 14:00:00,12.800,12.810,12.790,12.800,61700
2021-11-03 14:05:00,12.800,12.840,12.800,12.840,38400
2021-11-03 14:10:00,12.840,12.840,12.800,12.820,48500
2021-11-03 14:15:00,12.820,12.870,12.820,12.870,80600
2021-11-03 14:20:00,12.860,12.870,12.850,12.860,53600
2021-11-03 14:25:00,12.870,12.870,12.820,12.860,122700
2021-11-03 14:30:00,12.870,12.880,12.830,12.870,187400
2021-11-03 14:35:00,12.870,12.900,12.850,12.870,302200
2021-11-03 14:40:00,12.870,12.900,12.870,12.900,103000
2021-11-03 14:45:00,12.890,12.920,12.880,12.880,139500
2021-11-03 14:50:00,12.860,12.880,12.840,12.850,136000
2021-11-03 14:55:00,12.850,12.860,12.790,12.810,710900
2021-11-03 15:00:00,12.830,12.870,12.810,12.870,154200
2021-11-04 09:35:00,12.830,12.940,12.810,12.940,932100
2021-11-04 09:40:00,12.930,12.940,12.870,12.920,238700
2021-11-04 09:45:00,12.920,12.950,12.870,12.910,323300
2021-11-04 09:50:00,12.910,13.000,12.870,12.960,346100
2021-11-04 09:55:00,12.960,13.010,12.930,12.980,345100
2021-11-04 10:00:00,12.990,13.020,12.960,13.000,708400
2021-11-04 10:05:00,13.000,13.100,13.000,13.040,578800
2021-11-04 10:10:00,13.050,13.090,13.010,13.010,253200
2021-11-04 10:15:00,13.020,13.030,12.990,12.990,346600
2021-11-04 10:20:00,12.990,13.030,12.990,13.010,246600
2021-11-04 10:25:00,13.010,13.020,12.970,13.020,476300
2021-11-04 10:30:00,13.010,13.020,13.000,13.010,96710
2021-11-04 10:35:00,13.000,13.010,12.990,13.010,168000
2021-11-04 10:40:00,13.000,13.020,12.990,13.010,91200
2021-11-04 10:45:00,13.010,13.020,13.010,13.010,160800
2021-11-04 10:50:00,13.010,13.050,13.010,13.020,144200
2021-11-04 10:55:00,13.020,13.050,13.020,13.030,85900
2021-11-04 11:00:00,13.030,13.040,13.010,13.040,196500
2021-11-04 11:05:00,13.040,13.050,13.030,13.040,101100
2021-11-04 11:10:00,13.030,13.040,13.010,13.010,108200
2021-11-04 11:15:00,13.010,13.030,13.010,13.030,39700
2021-11-04 11:20:00,13.020,13.040,13.020,13.030,79300
2021-11-04 11:25:00,13.030,13.050,13.020,13.040,67000
2021-11-04 11:30:00,13.030,13.040,13.020,13.020,111800
2021-11-04 13:05:00,13.020,13.040,13.020,13.040,88900
2021-11-04 13:10:00,13.040,13.040,13.020,13.040,85200
2021-11-04 13:15:00,13.040,13.040,13.020,13.020,75457
2021-11-04 13:20:00,13.030,13.040,13.020,13.040,88300
2021-11-04 13:25:00,13.030,13.080,13.030,13.070,206200
2021-11-04 13:30:00,13.070,13.160,13.070,13.100,914400
2021-11-04 13:35:00,13.110,13.120,13.080,13.080,198100
2021-11-04 13:40:00,13.080,13.090,13.070,13.070,48700
2021-11-04 13:45:00,13.080,13.100,13.080,13.100,49800
2021-11-04 13:50:00,13.100,13.100,13.040,13.050,126900
2021-11-04 13:55:00,13.050,13.090,13.050,13.090,72000
2021-11-04 14:00:00,13.090,13.090,13.060,13.060,74300
2021-11-04 14:05:00,13.060,13.100,13.060,13.080,88700
2021-11-04 14:10:00,13.090,13.110,13.090,13.100,97800
2021-11-04 14:15:00,13.100,13.130,13.100,13.120,183000
2021-11-04 14:20:00,13.120,13.130,13.090,13.100,128074
2021-11-04 14:25:00,13.100,13.110,13.080,13.090,122668
2021-11-04 14:30:00,13.080,13.100,13.080,13.080,72364
2021-11-04 14:35:00,13.090,13.090,13.080,13.090,121000
2021-11-04 14:40:00,13.090,13.100,13.080,13.100,134600
2021-11-04 14:45:00,13.100,13.150,13.090,13.140,810614
2021-11-04 14:50:00,13.140,13.150,13.120,13.140,353600
2021-11-04 14:55:00,13.130,13.140,13.110,13.130,337700
2021-11-04 15:00:00,13.130,13.140,13.110,13.130,301700
2021-11-05 09:35:00,13.050,13.090,12.920,13.020,1003065
2021-11-05 09:40:00,13.030,13.030,12.930,12.930,456900
2021-11-05 09:45:00,12.930,12.960,12.880,12.920,714173
2021-11-05 09:50:00,12.920,12.950,12.880,12.890,283600
2021-11-05 09:55:00,12.890,12.900,12.860,12.880,310388
2021-11-05 10:00:00,12.880,12.880,12.850,12.850,331774
2021-11-05 10:05:00,12.860,12.860,12.770,12.790,519800
2021-11-05 10:10:00,12.800,12.810,12.760,12.800,449900
2021-11-05 10:15:00,12.800,12.800,12.770,12.780,176700
2021-11-05 10:20:00,12.790,12.820,12.780,12.820,127660
2021-11-05 10:25:00,12.820,12.830,12.790,12.790,321900
2021-11-05 10:30:00,12.790,12.810,12.780,12.810,206843
2021-11-05 10:35:00,12.810,12.820,12.780,12.800,164647
2021-11-05 10:40:00,12.810,12.810,12.780,12.790,97600
2021-11-05 10:45:00,12.790,12.810,12.770,12.800,193779
2021-11-05 10:50:00,12.800,12.820,12.780,12.780,128521
2021-11-05 10:55:00,12.780,12.800,12.760,12.770,207200
2021-11-05 11:00:00,12.770,12.780,12.720,12.750,289700
2021-11-05 11:05:00,12.740,12.750,12.710,12.720,157500
2021-11-05 11:10:00,12.720,12.740,12.710,12.740,161000
2021-11-05 11:15:00,12.740,12.740,12.720,12.720,57200
2021-11-05 11:20:00,12.730,12.750,12.720,12.740,81100
2021-11-05 11:25:00,12.740,12.750,12.730,12.750,51400
2021-11-05 11:30:00,12.740,12.750,12.720,12.720,136101
2021-11-05 13:05:00,12.720,12.740,12.700,12.730,330598
2021-11-05 13:10:00,12.730,12.750,12.710,12.740,73400
2021-11-05 13:15:00,12.740,12.740,12.710,12.710,104900
2021-11-05 13:20:00,12.720,12.730,12.700,12.710,115400
2021-11-05 13:25:00,12.710,12.710,12.680,12.690,181804
2021-11-05 13:30:00,12.700,12.710,12.690,12.700,132900
2021-11-05 13:35:00,12.700,12.710,12.690,12.700,94100
2021-11-05 13:40:00,12.700,12.730,12.700,12.730,34900
2021-11-05 13:45:00,12.730,12.730,12.710,12.710,28600
2021-11-05 13:50:00,12.720,12.720,12.690,12.710,143000
2021-11-05 13:55:00,12.710,12.710,12.670,12.680,169400
2021-11-05 14:00:00,12.700,12.710,12.680,12.710,170100
2021-11-05 14:05:00,12.700,12.710,12.680,12.690,19900
2021-11-05 14:10:00,12.690,12.710,12.670,12.690,146200
2021-11-05 14:15:00,12.690,12.710,12.640,12.660,586500
2021-11-05 14:20:00,12.660,12.670,12.640,12.660,112000
2021-11-05 14:25:00,12.650,12.660,12.610,12.620,248300
2021-11-05 14:30:00,12.620,12.640,12.560,12.570,743700
2021-11-05 14:35:00,12.580,12.630,12.580,12.590,584900
2021-11-05 14:40:00,12.590,12.600,12.570,12.580,223900
2021-11-05 14:45:00,12.580,12.590,12.540,12.570,360200
2021-11-05 14:50:00,12.560,12.590,12.550,12.570,300900
2021-11-05 14:55:00,12.580,12.580,12.420,12.450,1447200
2021-11-05 15:00:00,12.440,12.450,12.420,12.450,950700
2021-11-08 09:35:00,12.500,12.510,12.370,12.380,1010400
2021-11-08 09:40:00,12.380,12.400,12.260,12.280,892200
2021-11-08 09:45:00,12.280,12.390,12.280,12.350,458000
2021-11-08 09:50:00,12.350,12.400,12.350,12.370,151200
2021-11-08 09:55:00,12.370,12.390,12.320,12.360,283400
2021-11-08 10:00:00,12.360,12.370,12.340,12.350,122500
2021-11-08 10:05:00,12.350,12.360,12.260,12.290,571500
2021-11-08 10:10:00,12.290,12.340,12.280,12.320,326860
2021-11-08 10:15:00,12.330,12.390,12.320,12.330,127200
2021-11-08 10:20:00,12.340,12.350,12.330,12.350,125300
2021-11-08 10:25:00,12.340,12.370,12.300,12.310,303860
2021-11-08 10:30:00,12.300,12.350,12.300,12.330,202000
2021-11-08 10:35:00,12.330,12.340,12.320,12.330,94500
2021-11-08 10:40:00,12.330,12.350,12.320,12.320,137500
2021-11-08 10:45:00,12.330,12.330,12.290,12.300,323240
2021-11-08 10:50:00,12.290,12.300,12.210,12.270,784700
2021-11-08 10:55:00,12.240,12.270,12.180,12.200,804400
2021-11-08 11:00:00,12.190,12.220,12.190,12.210,534300
2021-11-08 11:05:00,12.210,12.230,12.190,12.200,564900
2021-11-08 11:10:00,12.200,12.220,12.190,12.200,311000
2021-11-08 11:15:00,12.190,12.230,12.160,12.170,580200
2021-11-08 11:20:00,12.170,12.230,12.150,12.180,324300
2021-11-08 11:25:00,12.190,12.220,12.180,12.180,185500
2021-11-08 11:30:00,12.180,12.200,12.180,12.180,70700
2021-11-08 13:05:00,12.190,12.200,12.170,12.180,198400
2021-11-08 13:10:00,12.180,12.200,12.180,12.190,70900
2021-11-08 13:15:00,12.200,12.200,12.130,12.130,664600
2021-11-08 13:20:00,12.140,12.190,12.130,12.160,862100
2021-11-08 13:25:00,12.150,12.200,12.140,12.200,213800
2021-11-08 13:30:00,12.190,12.190,12.150,12.160,156320
2021-11-08 13:35:00,12.160,12.180,12.120,12.130,383500
2021-11-08 13:40:00,12.130,12.180,12.120,12.170,255400
2021-11-08 13:45:00,12.180,12.220,12.140,12.180,676900
2021-11-08 13:50:00,12.180,12.210,12.140,12.180,436900
2021-11-08 13:55:00,12.190,12.190,12.130,12.160,444800
2021-11-08 14:00:00,12.160,12.170,12.150,12.150,137400
2021-11-08 14:05:00,12.160,12.180,12.140,12.160,159000
2021-11-08 14:10:00,12.160,12.180,12.160,12.170,86300
2021-11-08 14:15:00,12.170,12.180,12.160,12.170,67700
2021-11-08 14:20:00,12.170,12.170,12.130,12.150,300300
2021-11-08 14:25:00,12.160,12.170,12.140,12.140,122600
2021-11-08 14:30:00,12.150,12.160,12.140,12.150,124300
2021-11-08 14:35:00,12.150,12.150,12.130,12.130,161700
2021-11-08 14:40:00,12.140,12.140,12.130,12.140,189800
2021-11-08 14:45:00,12.130,12.140,12.080,12.090,689800
2021-11-08 14:50:00,12.100,12.120,12.090,12.110,230987
2021-11-08 14:55:00,12.110,12.150,12.100,12.120,301546
2021-11-08 15:00:00,12.130,12.170,12.120,12.170,304200
2021-11-09 09:35:00,12.190,12.350,12.170,12.260,2091240
2021-11-09 09:40:00,12.250,12.390,12.240,12.340,743176
2021-11-09 09:45:00,12.340,12.370,12.290,12.300,254620
2021-11-09 09:50:00,12.300,12.330,12.270,12.290,263300
2021-11-09 09:55:00,12.300,12.300,12.250,12.270,287900
2021-11-09 10:00:00,12.270,12.280,12.210,12.230,246100
2021-11-09 10:05:00,12.230,12.250,12.220,12.230,127500
2021-11-09 10:10:00,12.230,12.240,12.210,12.210,155800
2021-11-09 10:15:00,12.220,12.230,12.210,12.230,100500
2021-11-09 10:20:00,12.230,12.230,12.150,12.170,359200
2021-11-09 10:25:00,12.160,12.170,12.140,12.150,150500
2021-11-09 10:30:00,12.150,12.180,12.140,12.170,87400
2021-11-09 10:35:00,12.170,12.170,12.140,12.140,111000
2021-11-09 10:40:00,12.150,12.170,12.140,12.170,114700
2021-11-09 10:45:00,12.160,12.190,12.160,12.180,70200
2021-11-09 10:50:00,12.190,12.210,12.180,12.190,184000
2021-11-09 10:55:00,12.190,12.200,12.170,12.170,110700
2021-11-09 11:00:00,12.170,12.170,12.150,12.150,108300
2021-11-09 11:05:00,12.160,12.160,12.140,12.150,103300
2021-11-09 11:10:00,12.150,12.160,12.140,12.160,39800
2021-11-09 11:15:00,12.160,12.170,12.150,12.160,46300
2021-11-09 11:20:00,12.170,12.180,12.150,12.150,106200
2021-11-09 11:25:00,12.150,12.160,12.140,12.150,37800
2021-11-09 11:30:00,12.150,12.150,12.130,12.140,70400
2021-11-09 13:05:00,12.150,12.150,12.080,12.090,651400
2021-11-09 13:10:00,12.090,12.120,12.090,12.110,155400
2021-11-09 13:15:00,12.110,12.110,12.070,12.090,319500
2021-11-09 13:20:00,12.100,12.100,12.080,12.080,44100
2021-11-09 13:25:00,12.080,12.090,12.050,12.060,245200
2021-11-09 13:30:00,12.070,12.090,12.060,12.090,105800
2021-11-09 13:35:00,12.090,12.110,12.080,12.110,83000
2021-11-09 13:40:00,12.110,12.110,12.080,12.090,68700
2021-11-09 13:45:00,12.090,12.100,12.080,12.100,108200
2021-11-09 13:50:00,12.100,12.110,12.090,12.110,53600
2021-11-09 13:55:00,12.110,12.120,12.080,12.100,147518
2021-11-09 14:00:00,12.100,12.130,12.100,12.120,81400
2021-11-09 14:05:00,12.120,12.140,12.100,12.110,94100
2021-11-09 14:10:00,12.110,12.120,12.100,12.110,87900
2021-11-09 14:15:00,12.100,12.120,12.100,12.120,85400
2021-11-09 14:20:00,12.110,12.140,12.110,12.120,107800
2021-11-09 14:25:00,12.120,12.150,12.110,12.140,90700
2021-11-09 14:30:00,12.140,12.170,12.130,12.130,121400
2021-11-09 14:35:00,12.130,12.150,12.130,12.130,66500
2021-11-09 14:40:00,12.130,12.180,12.130,12.160,133700
2021-11-09 14:45:00,12.150,12.160,12.130,12.130,145000
2021-11-09 14:50:00,12.140,12.150,12.130,12.150,134900
2021-11-09 14:55:00,12.140,12.160,12.130,12.140,149600
2021-11-09 15:00:00,12.130,12.150,12.130,12.140,106400
2021-11-10 09:35:00,11.700,11.700,11.420,11.460,4276812
2021-11-10 09:40:00,11.450,11.560,11.330,11.530,3245389
2021-11-10 09:45:00,11.530,11.560,11.370,11.400,1346200
2021-11-10 09:50:00,11.400,11.510,11.390,11.440,1122500
2021-11-10 09:55:00,11.450,11.530,11.450,11.490,839800
2021-11-10 10:00:00,11.490,11.490,11.400,11.400,1179700
2021-11-10 10:05:00,11.410,11.470,11.380,11.440,931100
2021-11-10 10:10:00,11.440,11.500,11.430,11.490,552121
2021-11-10 10:15:00,11.490,11.530,11.460,11.480,1101500
2021-11-10 10:20:00,11.480,11.520,11.460,11.520,514100
2021-11-10 10:25:00,11.520,11.540,11.500,11.520,642486
2021-11-10 10:30:00,11.530,11.580,11.510,11.530,1085900
2021-11-10 10:35:00,11.540,11.540,11.500,11.530,532520
2021-11-10 10:40:00,11.540,11.540,11.480,11.500,619980
2021-11-10 10:45:00,11.500,11.510,11.480,11.480,269500
2021-11-10 10:50:00,11.480,11.490,11.480,11.480,238100
2021-11-10 10:55:00,11.480,11.480,11.430,11.440,534700
2021-11-10 11:00:00,11.450,11.460,11.440,11.450,123100
2021-11-10 11:05:00,11.460,11.480,11.430,11.460,854400
2021-11-10 11:10:00,11.470,11.480,11.440,11.470,558400
2021-11-10 11:15:00,11.480,11.480,11.440,11.450,299200
2021-11-10 11:20:00,11.460,11.460,11.440,11.450,197160
2021-11-10 11:25:00,11.440,11.450,11.420,11.450,233100
2021-11-10 11:30:00,11.450,11.460,11.430,11.450,117000
2021-11-10 13:05:00,11.440,11.460,11.400,11.410,549361
2021-11-10 13:10:00,11.410,11.430,11.380,11.390,491218
2021-11-10 13:15:00,11.400,11.410,11.390,11.390,159800
2021-11-10 13:20:00,11.390,11.420,11.390,11.400,319100
2021-11-10 13:25:00,11.410,11.410,11.380,11.380,578000
2021-11-10 13:30:00,11.380,11.390,11.370,11.390,439900
2021-11-10 13:35:00,11.380,11.400,11.370,11.390,335300
2021-11-10 13:40:00,11.400,11.410,11.380,11.380,398200
2021-11-10 13:45:00,11.390,11.390,11.310,11.360,1054595
2021-11-10 13:50:00,11.360,11.380,11.360,11.380,246106
2021-11-10 13:55:00,11.380,11.420,11.370,11.410,391061
2021-11-10 14:00:00,11.410,11.450,11.410,11.430,191800
2021-11-10 14:05:00,11.430,11.440,11.410,11.440,160100
2021-11-10 14:10:00,11.440,11.450,11.410,11.440,282600
2021-11-10 14:15:00,11.440,11.470,11.430,11.460,209400
2021-11-10 14:20:00,11.460,11.500,11.450,11.490,282100
2021-11-10 14:25:00,11.490,11.520,11.490,11.510,258597
2021-11-10 14:30:00,11.500,11.510,11.470,11.480,142200
2021-11-10 14:35:00,11.470,11.500,11.460,11.490,171732
2021-11-10 14:40:00,11.490,11.530,11.490,11.520,395500
2021-11-10 14:45:00,11.530,11.550,11.510,11.540,578200
2021-11-10 14:50:00,11.540,11.540,11.510,11.530,331063
2021-11-10 14:55:00,11.540,11.540,11.510,11.510,353800
2021-11-10 15:00:00,11.520,11.530,11.500,11.530,473600
2021-11-11 09:35:00,11.450,11.520,11.410,11.520,667417
2021-11-11 09:40:00,11.530,11.550,11.450,11.470,437100
2021-11-11 09:45:00,11.480,11.490,11.430,11.490,556000
2021-11-11 09:50:00,11.490,11.540,11.480,11.540,202600
2021-11-11 09:55:00,11.540,11.600,11.530,11.600,323913
2021-11-11 10:00:00,11.600,11.620,11.560,11.560,363400
2021-11-11 10:05:00,11.570,11.610,11.560,11.570,351300
2021-11-11 10:10:00,11.580,11.620,11.550,11.550,349100
2021-11-11 10:15:00,11.560,11.570,11.550,11.560,95500
2021-11-11 10:20:00,11.570,11.590,11.570,11.580,139400
2021-11-11 10:25:00,11.590,11.610,11.560,11.600,296800
2021-11-11 10:30:00,11.610,11.670,11.600,11.650,508500
2021-11-11 10:35:00,11.650,11.700,11.620,11.640,774400
2021-11-11 10:40:00,11.640,11.640,11.580,11.590,165100
2021-11-11 10:45:00,11.590,11.600,11.580,11.590,128800
2021-11-11 10:50:00,11.580,11.610,11.580,11.600,116400
2021-11-11 10:55:00,11.600,11.610,11.580,11.610,75900
2021-11-11 11:00:00,11.610,11.630,11.600,11.610,231900
2021-11-11 11:05:00,11.610,11.610,11.570,11.580,103200
2021-11-11 11:10:00,11.590,11.590,11.570,11.580,86700
2021-11-11 11:15:00,11.580,11.590,11.550,11.550,240500
2021-11-11 11:20:00,11.560,11.570,11.540,11.560,102661
2021-11-11 11:25:00,11.570,11.580,11.560,11.570,77800
2021-11-11 11:30:00,11.580,11.600,11.570,11.600,143433
2021-11-11 13:05:00,11.600,11.600,11.530,11.550,194939
2021-11-11 13:10:00,11.540,11.550,11.530,11.540,96600
2021-11-11 13:15:00,11.540,11.560,11.530,11.550,108100
2021-11-11 13:20:00,11.550,11.570,11.520,11.540,157200
2021-11-11 13:25:00,11.550,11.560,11.520,11.530,186787
2021-11-11 13:30:00,11.530,11.550,11.520,11.530,243500
2021-11-11 13:35:00,11.530,11.540,11.520,11.530,171000
2021-11-11 13:40:00,11.540,11.540,11.510,11.520,190313
2021-11-11 13:45:00,11.520,11.540,11.510,11.520,211400
2021-11-11 13:50:00,11.520,11.550,11.520,11.540,176300
2021-11-11 13:55:00,11.530,11.540,11.520,11.540,142659
2021-11-11 14:00:00,11.550,11.570,11.540,11.550,153400
2021-11-11 14:05:00,11.550,11.570,11.540,11.550,113100
2021-11-11 14:10:00,11.550,11.560,11.530,11.550,106300
2021-11-11 14:15:00,11.540,11.560,11.530,11.560,131600
2021-11-11 14:20:00,11.560,11.560,11.540,11.550,108100
2021-11-11 14:25:00,11.550,11.570,11.510,11.550,307300
2021-11-11 14:30:00,11.540,11.550,11.520,11.540,202400
2021-11-11 14:35:00,11.540,11.560,11.510,11.530,281500
2021-11-11 14:40:00,11.530,11.550,11.520,11.530,143100
2021-11-11 14:45:00,11.530,11.540,11.520,11.530,182000
2021-11-11 14:50:00,11.530,11.530,11.510,11.510,336900
2021-11-11 14:55:00,11.510,11.520,11.500,11.510,354341
2021-11-11 15:00:00,11.510,11.510,11.490,11.500,377661
2021-11-12 09:35:00,11.500,11.540,11.470,11.510,299200
2021-11-12 09:40:00,11.510,11.530,11.480,11.520,310000
2021-11-12 09:45:00,11.520,11.540,11.440,11.470,335600
2021-11-12 09:50:00,11.460,11.540,11.460,11.520,176500
2021-11-12 09:55:00,11.520,11.540,11.510,11.520,175494
2021-11-12 10:00:00,11.520,11.530,11.500,11.520,138700
2021-11-12 10:05:00,11.530,11.540,11.480,11.480,205000
2021-11-12 10:10:00,11.480,11.500,11.470,11.480,216200
2021-11-12 10:15:00,11.490,11.500,11.480,11.480,164400
2021-11-12 10:20:00,11.480,11.490,11.450,11.450,333700
2021-11-12 10:25:00,11.440,11.480,11.440,11.480,207200
2021-11-12 10:30:00,11.480,11.490,11.460,11.470,100300
2021-11-12 10:35:00,11.470,11.480,11.450,11.460,106600
2021-11-12 10:40:00,11.460,11.470,11.440,11.460,90400
2021-11-12 10:45:00,11.460,11.460,11.440,11.440,129000
2021-11-12 10:50:00,11.440,11.450,11.420,11.440,131200
2021-11-12 10:55:00,11.430,11.470,11.430,11.460,163800
2021-11-12 11:00:00,11.460,11.480,11.420,11.450,358200
2021-11-12 11:05:00,11.460,11.460,11.420,11.420,187400
2021-11-12 11:10:00,11.420,11.420,11.400,11.410,311400
2021-11-12 11:15:00,11.410,11.440,11.410,11.420,51400
2021-11-12 11:20:00,11.420,11.450,11.360,11.360,324600
2021-11-12 11:25:00,11.380,11.400,11.320,11.320,540500
2021-11-12 11:30:00,11.330,11.380,11.320,11.340,505600
2021-11-12 13:05:00,11.340,11.440,11.340,11.420,139800
2021-11-12 13:10:00,11.420,11.430,11.390,11.400,168600
2021-11-12 13:15:00,11.400,11.410,11.380,11.390,126200
2021-11-12 13:20:00,11.390,11.410,11.380,11.400,109600
2021-11-12 13:25:00,11.400,11.440,11.400,11.420,218900
2021-11-12 13:30:00,11.420,11.440,11.410,11.440,221000
2021-11-12 13:35:00,11.440,11.450,11.430,11.450,139900
2021-11-12 13:40:00,11.450,11.470,11.440,11.470,141200
2021-11-12 13:45:00,11.480,11.520,11.470,11.500,373800
2021-11-12 13:50:00,11.500,11.550,11.500,11.540,431300
2021-11-12 13:55:00,11.550,11.570,11.520,11.530,320300
2021-11-12 14:00:00,11.530,11.550,11.530,11.540,264600
2021-11-12 14:05:00,11.540,11.590,11.540,11.580,415125
2021-11-12 14:10:00,11.580,11.590,11.580,11.590,209504
2021-11-12 14:15:00,11.580,11.600,11.580,11.590,222200
2021-11-12 14:20:00,11.590,11.630,11.580,11.580,374400
2021-11-12 14:25:00,11.580,11.590,11.560,11.560,241600
2021-11-12 14:30:00,11.560,11.600,11.560,11.600,234500
2021-11-12 14:35:00,11.590,11.610,11.580,11.600,396000
2021-11-12 14:40:00,11.610,11.620,11.600,11.620,287900
2021-11-12 14:45:00,11.620,11.640,11.600,11.630,431900
2021-11-12 14:50:00,11.630,11.660,11.620,11.660,392137
2021-11-12 14:55:00,11.660,11.670,11.630,11.640,436800
2021-11-12 15:00:00,11.650,11.660,11.610,11.610,444581
2021-11-15 09:35:00,11.580,11.640,11.560,11.630,231900
2021-11-15 09:40:00,11.630,11.630,11.560,11.590,183800
2021-11-15 09:45:00,11.590,11.590,11.530,11.560,282200
2021-11-15 09:50:00,11.540,11.620,11.540,11.610,326000
2021-11-15 09:55:00,11.610,11.670,11.600,11.660,487000
2021-11-15 10:00:00,11.660,11.720,11.650,11.680,399700
2021-11-15 10:05:00,11.680,11.700,11.650,11.660,283100
2021-11-15 10:10:00,11.660,11.670,11.640,11.670,125200
2021-11-15 10:15:00,11.660,11.670,11.630,11.640,161100
2021-11-15 10:20:00,11.650,11.660,11.640,11.660,139000
2021-11-15 10:25:00,11.660,11.690,11.650,11.670,223000
2021-11-15 10:30:00,11.670,11.730,11.660,11.730,258500
2021-11-15 10:35:00,11.720,11.730,11.680,11.720,331297
2021-11-15 10:40:00,11.720,11.760,11.710,11.750,222900
2021-11-15 10:45:00,11.750,11.750,11.720,11.730,134800
2021-11-15 10:50:00,11.720,11.750,11.720,11.750,139400
2021-11-15 10:55:00,11.740,11.780,11.730,11.760,356800
2021-11-15 11:00:00,11.750,11.830,11.750,11.790,452500
2021-11-15 11:05:00,11.790,11.820,11.760,11.800,289825
2021-11-15 11:10:00,11.790,11.800,11.760,11.780,80900
2021-11-15 11:15:00,11.770,11.780,11.740,11.760,160500
2021-11-15 11:20:00,11.760,11.810,11.740,11.790,503899
2021-11-15 11:25:00,11.790,11.810,11.770,11.800,141776
2021-11-15 11:30:00,11.800,11.800,11.770,11.800,135800
2021-11-15 13:05:00,11.800,11.800,11.760,11.780,127300
2021-11-15 13:10:00,11.780,11.790,11.740,11.760,103200
2021-11-15 13:15:00,11.760,11.760,11.730,11.730,169800
2021-11-15 13:20:00,11.730,11.740,11.730,11.740,100600
2021-11-15 13:25:00,11.730,11.760,11.730,11.760,113200
2021-11-15 13:30:00,11.750,11.770,11.750,11.770,103100
2021-11-15 13:35:00,11.770,11.850,11.760,11.810,641800
2021-11-15 13:40:00,11.810,11.830,11.800,11.800,197800
2021-11-15 13:45:00,11.810,11.830,11.790,11.810,242300
2021-11-15 13:50:00,11.810,11.850,11.800,11.850,261875
2021-11-15 13:55:00,11.850,11.850,11.810,11.810,91300
2021-11-15 14:00:00,11.810,11.840,11.810,11.840,248844
2021-11-15 14:05:00,11.840,11.850,11.820,11.840,121056
2021-11-15 14:10:00,11.840,11.850,11.820,11.850,107300
2021-11-15 14:15:00,11.840,11.860,11.840,11.850,147400
2021-11-15 14:20:00,11.850,11.870,11.840,11.850,111300
2021-11-15 14:25:00,11.840,11.860,11.800,11.820,261601
2021-11-15 14:30:00,11.820,11.820,11.810,11.820,70800
2021-11-15 14:35:00,11.820,11.850,11.820,11.830,148220
2021-11-15 14:40:00,11.830,11.840,11.830,11.830,50700
2021-11-15 14:45:00,11.840,11.850,11.800,11.820,506800
2021-11-15 14:50:00,11.810,11.830,11.800,11.810,102900
2021-11-15 14:55:00,11.810,11.810,11.790,11.800,210800
2021-11-15 15:00:00,11.800,11.810,11.790,11.800,99255
2021-11-16 09:35:00,11.830,11.850,11.780,11.800,246600
2021-11-16 09:40:00,11.800,11.800,11.740,11.750,192000
2021-11-16 09:45:00,11.750,11.750,11.710,11.720,255000
2021-11-16 09:50:00,11.710,11.730,11.690,11.690,258000
2021-11-16 09:55:00,11.690,11.710,11.680,11.690,280300
2021-11-16 10:00:00,11.680,11.690,11.670,11.680,227118
2021-11-16 10:05:00,11.680,11.700,11.660,11.660,254182
2021-11-16 10:10:00,11.660,11.680,11.660,11.670,183821
2021-11-16 10:15:00,11.660,11.660,11.600,11.600,705179
2021-11-16 10:20:00,11.610,11.640,11.590,11.600,544500
2021-11-16 10:25:00,11.600,11.680,11.600,11.680,215200
2021-11-16 10:30:00,11.670,11.690,11.660,11.670,195200
2021-11-16 10:35:00,11.680,11.690,11.630,11.630,664800
2021-11-16 10:40:00,11.640,11.680,11.620,11.680,318100
2021-11-16 10:45:00,11.680,11.690,11.670,11.690,116600
2021-11-16 10:50:00,11.690,11.700,11.680,11.700,183400
2021-11-16 10:55:00,11.700,11.700,11.660,11.670,169600
2021-11-16 11:00:00,11.660,11.670,11.640,11.640,150500
2021-11-16 11:05:00,11.640,11.660,11.620,11.630,176800
2021-11-16 11:10:00,11.630,11.640,11.620,11.640,106000
2021-11-16 11:15:00,11.640,11.660,11.630,11.630,159000
2021-11-16 11:20:00,11.630,11.660,11.630,11.650,138000
2021-11-16 11:25:00,11.650,11.650,11.630,11.640,118900
2021-11-16 11:30:00,11.630,11.660,11.630,11.640,91200
2021-11-16 13:05:00,11.660,11.660,11.630,11.650,117600
2021-11-16 13:10:00,11.650,11.660,11.630,11.640,80400
2021-11-16 13:15:00,11.640,11.640,11.620,11.630,141400
2021-11-16 13:20:00,11.620,11.640,11.620,11.620,108700
2021-11-16 13:25:00,11.620,11.630,11.590,11.600,358101
2021-11-16 13:30:00,11.610,11.630,11.600,11.600,297900
2021-11-16 13:35:00,11.590,11.620,11.580,11.600,154600
2021-11-16 13:40:00,11.600,11.610,11.590,11.600,143500
2021-11-16 13:45:00,11.600,11.610,11.590,11.610,100200
2021-11-16 13:50:00,11.610,11.610,11.580,11.580,160200
2021-11-16 13:55:00,11.590,11.600,11.580,11.580,136200
2021-11-16 14:00:00,11.580,11.590,11.570,11.580,170000
2021-11-16 14:05:00,11.580,11.580,11.570,11.580,142200
2021-11-16 14:10:00,11.570,11.600,11.570,11.590,149800
2021-11-16 14:15:00,11.590,11.600,11.580,11.580,158800
2021-11-16 14:20:00,11.590,11.600,11.580,11.600,196000
2021-11-16 14:25:00,11.600,11.600,11.570,11.580,254300
2021-11-16 14:30:00,11.570,11.580,11.560,11.580,162200
2021-11-16 14:35:00,11.570,11.580,11.560,11.580,144886
2021-11-16 14:40:00,11.570,11.580,11.560,11.570,175400
2021-11-16 14:45:00,11.560,11.600,11.540,11.590,510200
2021-11-16 14:50:00,11.580,11.610,11.560,11.600,119600
2021-11-16 14:55:00,11.600,11.600,11.520,11.520,387800
2021-11-16 15:00:00,11.540,11.540,11.490,11.500,742500
2021-11-17 09:35:00,11.450,11.560,11.430,11.530,537600
2021-11-17 09:40:00,11.530,11.530,11.490,11.530,248400
2021-11-17 09:45:00,11.540,11.540,11.470,11.480,191500
2021-11-17 09:50:00,11.480,11.480,11.430,11.480,332516
2021-11-17 09:55:00,11.480,11.500,11.470,11.480,124900
2021-11-17 10:00:00,11.480,11.500,11.470,11.480,159100
2021-11-17 10:05:00,11.490,11.550,11.480,11.530,227100
2021-11-17 10:10:00,11.530,11.550,11.500,11.510,156900
2021-11-17 10:15:00,11.520,11.540,11.490,11.500,114100
2021-11-17 10:20:00,11.490,11.520,11.470,11.500,288400
2021-11-17 10:25:00,11.480,11.500,11.470,11.480,90800
2021-11-17 10:30:00,11.470,11.480,11.450,11.460,240984
2021-11-17 10:35:00,11.470,11.470,11.430,11.460,350400
2021-11-17 10:40:00,11.460,11.470,11.440,11.450,135100
2021-11-17 10:45:00,11.450,11.460,11.430,11.440,135000
2021-11-17 10:50:00,11.440,11.450,11.400,11.420,359600
2021-11-17 10:55:00,11.440,11.450,11.410,11.420,261300
2021-11-17 11:00:00,11.430,11.440,11.420,11.430,60200
2021-11-17 11:05:00,11.440,11.470,11.430,11.430,214400
2021-11-17 11:10:00,11.430,11.450,11.400,11.440,361200
2021-11-17 11:15:00,11.430,11.450,11.410,11.430,53200
2021-11-17 11:20:00,11.430,11.440,11.410,11.440,288800
2021-11-17 11:25:00,11.440,11.440,11.400,11.420,144600
2021-11-17 11:30:00,11.420,11.430,11.390,11.400,302200
2021-11-17 13:05:00,11.400,11.420,11.390,11.400,275600
2021-11-17 13:10:00,11.400,11.420,11.400,11.420,107100
2021-11-17 13:15:00,11.410,11.440,11.410,11.430,206200
2021-11-17 13:20:00,11.430,11.440,11.410,11.440,179400
2021-11-17 13:25:00,11.420,11.450,11.420,11.440,83600
2021-11-17 13:30:00,11.440,11.450,11.400,11.440,344113
2021-11-17 13:35:00,11.450,11.500,11.450,11.500,140114
2021-11-17 13:40:00,11.480,11.510,11.480,11.480,120200
2021-11-17 13:45:00,11.470,11.490,11.470,11.480,40600
2021-11-17 13:50:00,11.480,11.490,11.460,11.470,68600
2021-11-17 13:55:00,11.470,11.470,11.450,11.460,76300
2021-11-17 14:00:00,11.460,11.480,11.460,11.480,56481
2021-11-17 14:05:00,11.480,11.480,11.450,11.470,114100
2021-11-17 14:10:00,11.480,11.490,11.460,11.470,45700
2021-11-17 14:15:00,11.470,11.480,11.460,11.460,87000
2021-11-17 14:20:00,11.480,11.490,11.470,11.490,89100
2021-11-17 14:25:00,11.490,11.490,11.470,11.490,60400
2021-11-17 14:30:00,11.490,11.490,11.480,11.480,44200
2021-11-17 14:35:00,11.490,11.500,11.470,11.470,243500
2021-11-17 14:40:00,11.480,11.490,11.440,11.480,144700
2021-11-17 14:45:00,11.480,11.480,11.460,11.480,80400
2021-11-17 14:50:00,11.480,11.480,11.450,11.480,175100
2021-11-17 14:55:00,11.470,11.490,11.470,11.490,226800
2021-11-17 15:00:00,11.480,11.490,11.470,11.470,254300
2021-11-18 09:35:00,11.470,11.490,11.360,11.390,388700
2021-11-18 09:40:00,11.400,11.430,11.390,11.420,281100
2021-11-18 09:45:00,11.420,11.450,11.400,11.410,132800
2021-11-18 09:50:00,11.410,11.450,11.390,11.410,185300
2021-11-18 09:55:00,11.440,11.450,11.410,11.430,117600
2021-11-18 10:00:00,11.430,11.490,11.420,11.480,236213
2021-11-18 10:05:00,11.480,11.480,11.460,11.460,170700
2021-11-18 10:10:00,11.460,11.470,11.430,11.440,145400
2021-11-18 10:15:00,11.440,11.440,11.420,11.420,108100
2021-11-18 10:20:00,11.410,11.430,11.400,11.420,95300
2021-11-18 10:25:00,11.410,11.420,11.400,11.410,120200
2021-11-18 10:30:00,11.410,11.440,11.400,11.400,137400
2021-11-18 10:35:00,11.410,11.420,11.400,11.410,78500
2021-11-18 10:40:00,11.410,11.420,11.400,11.410,127600
2021-11-18 10:45:00,11.410,11.470,11.410,11.460,206600
2021-11-18 10:50:00,11.440,11.460,11.420,11.460,97200
2021-11-18 10:55:00,11.460,11.470,11.420,11.470,108700
2021-11-18 11:00:00,11.460,11.470,11.430,11.460,133900
2021-11-18 11:05:00,11.450,11.470,11.430,11.460,194300
2021-11-18 11:10:00,11.460,11.480,11.460,11.460,193000
2021-11-18 11:15:00,11.470,11.480,11.430,11.460,243800
2021-11-18 11:20:00,11.450,11.470,11.430,11.470,170600
2021-11-18 11:25:00,11.470,11.480,11.450,11.470,220600
2021-11-18 11:30:00,11.480,11.480,11.450,11.460,128500
2021-11-18 13:05:00,11.470,11.470,11.440,11.460,243100
2021-11-18 13:10:00,11.460,11.490,11.450,11.480,220336
2021-11-18 13:15:00,11.480,11.480,11.450,11.460,203700
2021-11-18 13:20:00,11.470,11.470,11.440,11.460,130500
2021-11-18 13:25:00,11.460,11.480,11.460,11.470,146800
2021-11-18 13:30:00,11.460,11.480,11.450,11.470,192100
2021-11-18 13:35:00,11.470,11.490,11.460,11.480,393100
2021-11-18 13:40:00,11.490,11.510,11.480,11.510,310100
2021-11-18 13:45:00,11.500,11.520,11.500,11.520,153200
2021-11-18 13:50:00,11.510,11.520,11.500,11.500,228600
2021-11-18 13:55:00,11.500,11.520,11.500,11.520,159400
2021-11-18 14:00:00,11.510,11.530,11.500,11.530,142287
2021-11-18 14:05:00,11.520,11.530,11.510,11.510,152700
2021-11-18 14:10:00,11.520,11.520,11.490,11.500,186232
2021-11-18 14:15:00,11.500,11.520,11.500,11.510,125900
2021-11-18 14:20:00,11.510,11.530,11.510,11.520,196709
2021-11-18 14:25:00,11.510,11.530,11.510,11.530,286300
2021-11-18 14:30:00,11.520,11.540,11.510,11.540,298100
2021-11-18 14:35:00,11.530,11.540,11.520,11.540,460100
2021-11-18 14:40:00,11.520,11.530,11.500,11.500,285791
2021-11-18 14:45:00,11.500,11.500,11.470,11.480,164200
2021-11-18 14:50:00,11.470,11.500,11.440,11.440,529000
2021-11-18 14:55:00,11.450,11.470,11.410,11.420,811900
2021-11-18 15:00:00,11.420,11.440,11.410,11.440,161500
2021-11-19 09:35:00,11.430,11.440,11.380,11.410,364336
2021-11-19 09:40:00,11.390,11.430,11.370,11.430,177864
2021-11-19 09:45:00,11.410,11.420,11.380,11.380,227100
2021-11-19 09:50:00,11.380,11.390,11.370,11.380,256000
2021-11-19 09:55:00,11.380,11.400,11.370,11.380,183800
2021-11-19 10:00:00,11.380,11.400,11.360,11.360,252300
2021-11-19 10:05:00,11.360,11.410,11.360,11.400,140930
2021-11-19 10:10:00,11.400,11.400,11.380,11.390,124900
2021-11-19 10:15:00,11.390,11.390,11.360,11.380,227400
2021-11-19 10:20:00,11.380,11.380,11.350,11.350,501900
2021-11-19 10:25:00,11.360,11.370,11.350,11.360,227800
2021-11-19 10:30:00,11.370,11.380,11.360,11.380,118600
2021-11-19 10:35:00,11.380,11.380,11.360,11.360,154600
2021-11-19 10:40:00,11.370,11.380,11.360,11.360,116400
2021-11-19 10:45:00,11.370,11.390,11.360,11.390,76300
2021-11-19 10:50:00,11.390,11.390,11.370,11.390,53900
2021-11-19 10:55:00,11.370,11.390,11.370,11.380,86000
2021-11-19 11:00:00,11.370,11.410,11.370,11.410,152900
2021-11-19 11:05:00,11.410,11.440,11.410,11.420,191300
2021-11-19 11:10:00,11.420,11.440,11.410,11.430,150100
2021-11-19 11:15:00,11.420,11.440,11.420,11.430,290700
2021-11-19 11:20:00,11.430,11.450,11.430,11.430,175200
2021-11-19 11:25:00,11.440,11.460,11.430,11.460,198800
2021-11-19 11:30:00,11.440,11.450,11.430,11.450,189100
2021-11-19 13:05:00,11.440,11.450,11.430,11.430,125200
2021-11-19 13:10:00,11.430,11.440,11.420,11.430,138400
2021-11-19 13:15:00,11.430,11.440,11.400,11.430,203209
2021-11-19 13:20:00,11.430,11.430,11.410,11.430,260400
2021-11-19 13:25:00,11.420,11.440,11.420,11.440,214500
2021-11-19 13:30:00,11.440,11.440,11.430,11.440,106600
2021-11-19 13:35:00,11.430,11.460,11.430,11.450,248700
2021-11-19 13:40:00,11.450,11.450,11.430,11.440,140300
2021-11-19 13:45:00,11.430,11.460,11.430,11.440,346200
2021-11-19 13:50:00,11.450,11.470,11.440,11.460,358600
2021-11-19 13:55:00,11.460,11.470,11.450,11.460,207600
2021-11-19 14:00:00,11.460,11.470,11.440,11.470,189900
2021-11-19 14:05:00,11.460,11.480,11.450,11.470,302100
2021-11-19 14:10:00,11.470,11.480,11.460,11.460,179400
2021-11-19 14:15:00,11.460,11.470,11.460,11.470,76400
2021-11-19 14:20:00,11.470,11.480,11.450,11.460,246300
2021-11-19 14:25:00,11.460,11.480,11.450,11.480,286900
2021-11-19 14:30:00,11.480,11.490,11.470,11.490,237700
2021-11-19 14:35:00,11.490,11.500,11.480,11.500,138500
2021-11-19 14:40:00,11.500,11.520,11.490,11.510,205900
2021-11-19 14:45:00,11.520,11.540,11.510,11.520,180200
2021-11-19 14:50:00,11.530,11.560,11.520,11.540,273691
2021-11-19 14:55:00,11.550,11.550,11.530,11.540,297385
2021-11-19 15:00:00,11.550,11.550,11.510,11.520,295415
2021-11-22 09:35:00,11.530,11.560,11.490,11.530,296864
2021-11-22 09:40:00,11.530,11.550,11.450,11.520,438000
2021-11-22 09:45:00,11.520,11.520,11.480,11.500,286400
2021-11-22 09:50:00,11.500,11.520,11.490,11.510,150234
2021-11-22 09:55:00,11.500,11.510,11.470,11.510,319266
2021-11-22 10:00:00,11.510,11.570,11.500,11.550,301700
2021-11-22 10:05:00,11.550,11.550,11.520,11.530,205800
2021-11-22 10:10:00,11.530,11.550,11.520,11.530,156100
2021-11-22 10:15:00,11.520,11.540,11.520,11.520,211400
2021-11-22 10:20:00,11.520,11.540,11.510,11.530,241400
2021-11-22 10:25:00,11.530,11.550,11.520,11.550,183600
2021-11-22 10:30:00,11.550,11.570,11.550,11.570,121945
2021-11-22 10:35:00,11.570,11.580,11.540,11.540,300900
2021-11-22 10:40:00,11.540,11.540,11.500,11.510,216900
2021-11-22 10:45:00,11.510,11.520,11.500,11.510,295500
2021-11-22 10:50:00,11.510,11.510,11.480,11.490,255100
2021-11-22 10:55:00,11.490,11.510,11.470,11.490,305900
2021-11-22 11:00:00,11.490,11.500,11.460,11.470,297400
2021-11-22 11:05:00,11.460,11.490,11.460,11.470,289900
2021-11-22 11:10:00,11.470,11.480,11.450,11.450,239900
2021-11-22 11:15:00,11.450,11.480,11.450,11.450,298800
2021-11-22 11:20:00,11.450,11.470,11.440,11.450,302300
2021-11-22 11:25:00,11.440,11.460,11.430,11.440,263800
2021-11-22 11:30:00,11.450,11.450,11.430,11.450,238298
2021-11-22 13:05:00,11.460,11.520,11.450,11.510,140800
2021-11-22 13:10:00,11.500,11.500,11.480,11.480,118000
2021-11-22 13:15:00,11.480,11.480,11.460,11.480,74902
2021-11-22 13:20:00,11.460,11.480,11.460,11.470,54000
2021-11-22 13:25:00,11.470,11.490,11.470,11.490,71600
2021-11-22 13:30:00,11.480,11.490,11.470,11.490,56000
2021-11-22 13:35:00,11.490,11.490,11.470,11.480,82100
2021-11-22 13:40:00,11.480,11.510,11.480,11.490,82600
2021-11-22 13:45:00,11.500,11.510,11.490,11.500,88700
2021-11-22 13:50:00,11.500,11.520,11.490,11.510,180300
2021-11-22 13:55:00,11.510,11.520,11.500,11.510,72100
2021-11-22 14:00:00,11.510,11.530,11.500,11.510,216100
2021-11-22 14:05:00,11.510,11.510,11.490,11.490,95000
2021-11-22 14:10:00,11.490,11.500,11.490,11.490,82000
2021-11-22 14:15:00,11.500,11.510,11.470,11.510,411600
2021-11-22 14:20:00,11.510,11.530,11.500,11.510,113000
2021-11-22 14:25:00,11.510,11.520,11.470,11.480,230100
2021-11-22 14:30:00,11.480,11.520,11.470,11.510,122300
2021-11-22 14:35:00,11.510,11.510,11.490,11.500,119500
2021-11-22 14:40:00,11.500,11.520,11.500,11.520,91057
2021-11-22 14:45:00,11.510,11.520,11.500,11.500,87043
2021-11-22 14:50:00,11.510,11.520,11.500,11.510,115933
2021-11-22 14:55:00,11.510,11.520,11.500,11.510,163225
2021-11-22 15:00:00,11.510,11.530,11.490,11.520,371407
2021-11-23 09:35:00,11.520,11.530,11.450,11.470,297400
2021-11-23 09:40:00,11.460,11.470,11.300,11.390,856800
2021-11-23 09:45:00,11.390,11.440,11.380,11.430,264700
2021-11-23 09:50:00,11.430,11.470,11.430,11.450,182400
2021-11-23 09:55:00,11.450,11.470,11.450,11.460,93100
2021-11-23 10:00:00,11.460,11.460,11.430,11.430,151000
2021-11-23 10:05:00,11.430,11.460,11.430,11.450,109100
2021-11-23 10:10:00,11.440,11.460,11.440,11.450,122815
2021-11-23 10:15:00,11.460,11.490,11.450,11.470,375400
2021-11-23 10:20:00,11.470,11.490,11.470,11.490,178700
2021-11-23 10:25:00,11.490,11.520,11.490,11.510,175200
2021-11-23 10:30:00,11.500,11.550,11.500,11.550,217000
2021-11-23 10:35:00,11.530,11.550,11.510,11.510,84900
